mame/train/Hand-colored etching/742582.jpg,train,742582.jpg,Hand-colored etching
mame/train/Hand-colored etching/737935.jpg,train,737935.jpg,Hand-colored etching
mame/train/Hand-colored etching/774522.jpg,train,774522.jpg,Hand-colored etching
mame/train/Hand-colored etching/742679.jpg,train,742679.jpg,Hand-colored etching
mame/train/Hand-colored etching/788068.jpg,train,788068.jpg,Hand-colored etching
mame/train/Hand-colored etching/415953.jpg,train,415953.jpg,Hand-colored etching
mame/train/Hand-colored etching/786809.jpg,train,786809.jpg,Hand-colored etching
mame/train/Hand-colored etching/774688.jpg,train,774688.jpg,Hand-colored etching
mame/train/Hand-colored etching/744862.jpg,train,744862.jpg,Hand-colored etching
mame/train/Hand-colored etching/775593.jpg,train,775593.jpg,Hand-colored etching
mame/train/Hand-colored etching/811900.jpg,train,811900.jpg,Hand-colored etching
mame/train/Hand-colored etching/736330.jpg,train,736330.jpg,Hand-colored etching
mame/train/Hand-colored etching/739820.jpg,train,739820.jpg,Hand-colored etching
mame/train/Hand-colored etching/742660.jpg,train,742660.jpg,Hand-colored etching
mame/train/Hand-colored etching/745510.jpg,train,745510.jpg,Hand-colored etching
mame/train/Hand-colored etching/392949.jpg,train,392949.jpg,Hand-colored etching
mame/train/Hand-colored etching/742445.jpg,train,742445.jpg,Hand-colored etching
mame/train/Hand-colored etching/786238.jpg,train,786238.jpg,Hand-colored etching
mame/train/Hand-colored etching/744466.jpg,train,744466.jpg,Hand-colored etching
mame/train/Hand-colored etching/775502.jpg,train,775502.jpg,Hand-colored etching
mame/train/Silver/177006-75592.jpg,train,177006-75592.jpg,Silver
mame/train/Silver/310611.jpg,train,310611.jpg,Silver
mame/train/Silver/1955.353.jpeg,train,1955.353.jpeg,Silver
mame/train/Silver/221512-13599.jpg,train,221512-13599.jpg,Silver
mame/train/Silver/1916.996.jpeg,train,1916.996.jpeg,Silver
mame/train/Silver/246580-52437.jpg,train,246580-52437.jpg,Silver
mame/train/Silver/457251.jpg,train,457251.jpg,Silver
mame/train/Silver/32982.jpg,train,32982.jpg,Silver
mame/train/Silver/308692.jpg,train,308692.jpg,Silver
mame/train/Silver/1914.795.f.jpeg,train,1914.795.f.jpeg,Silver
mame/train/Silver/202820.jpg,train,202820.jpg,Silver
mame/train/Silver/5084.jpg,train,5084.jpg,Silver
mame/train/Silver/236147.jpg,train,236147.jpg,Silver
mame/train/Silver/202918.jpg,train,202918.jpg,Silver
mame/train/Silver/195245.jpg,train,195245.jpg,Silver
mame/train/Silver/234720-10386.jpg,train,234720-10386.jpg,Silver
mame/train/Silver/325835.jpg,train,325835.jpg,Silver
mame/train/Silver/310640.jpg,train,310640.jpg,Silver
mame/train/Silver/324026.jpg,train,324026.jpg,Silver
mame/train/Silver/6724.jpg,train,6724.jpg,Silver
mame/train/Glass/245432.jpg,train,245432.jpg,Glass
mame/train/Glass/244602.jpg,train,244602.jpg,Glass
mame/train/Glass/207899.jpg,train,207899.jpg,Glass
mame/train/Glass/249745.jpg,train,249745.jpg,Glass
mame/train/Glass/1976.163.a.jpeg,train,1976.163.a.jpeg,Glass
mame/train/Glass/245323.jpg,train,245323.jpg,Glass
mame/train/Glass/239598.jpg,train,239598.jpg,Glass
mame/train/Glass/1920.447.b.jpeg,train,1920.447.b.jpeg,Glass
mame/train/Glass/245716.jpg,train,245716.jpg,Glass
mame/train/Glass/172841-28076.jpg,train,172841-28076.jpg,Glass
mame/train/Glass/1920.450.b.jpeg,train,1920.450.b.jpeg,Glass
mame/train/Glass/477307.jpg,train,477307.jpg,Glass
mame/train/Glass/196651.jpg,train,196651.jpg,Glass
mame/train/Glass/447103.jpg,train,447103.jpg,Glass
mame/train/Glass/249848.jpg,train,249848.jpg,Glass
mame/train/Glass/249996.jpg,train,249996.jpg,Glass
mame/train/Glass/1940.655.jpeg,train,1940.655.jpeg,Glass
mame/train/Glass/211466.jpg,train,211466.jpg,Glass
mame/train/Glass/248992.jpg,train,248992.jpg,Glass
mame/train/Glass/249424.jpg,train,249424.jpg,Glass
mame/train/Ceramic/254027-47951.jpg,train,254027-47951.jpg,Ceramic
mame/train/Ceramic/713850.jpg,train,713850.jpg,Ceramic
mame/train/Ceramic/2257768-272323.jpg,train,2257768-272323.jpg,Ceramic
mame/train/Ceramic/474893.jpg,train,474893.jpg,Ceramic
mame/train/Ceramic/2257707-272338.jpg,train,2257707-272338.jpg,Ceramic
mame/train/Ceramic/713595.jpg,train,713595.jpg,Ceramic
mame/train/Ceramic/186240-117744.jpg,train,186240-117744.jpg,Ceramic
mame/train/Ceramic/753105.jpg,train,753105.jpg,Ceramic
mame/train/Ceramic/242888-53922.jpg,train,242888-53922.jpg,Ceramic
mame/train/Ceramic/249129.jpg,train,249129.jpg,Ceramic
mame/train/Ceramic/253521-47450.jpg,train,253521-47450.jpg,Ceramic
mame/train/Ceramic/241087-84452.jpg,train,241087-84452.jpg,Ceramic
mame/train/Ceramic/2115031-80951.jpg,train,2115031-80951.jpg,Ceramic
mame/train/Ceramic/466122.jpg,train,466122.jpg,Ceramic
mame/train/Ceramic/253760-47725.jpg,train,253760-47725.jpg,Ceramic
mame/train/Ceramic/1916.1005.jpeg,train,1916.1005.jpeg,Ceramic
mame/train/Ceramic/325618.jpg,train,325618.jpg,Ceramic
mame/train/Ceramic/1903414-13614.jpg,train,1903414-13614.jpg,Ceramic
mame/train/Ceramic/752885.jpg,train,752885.jpg,Ceramic
mame/train/Ceramic/188244-131527.jpg,train,188244-131527.jpg,Ceramic
mame/train/Engraving/368136.jpg,train,368136.jpg,Engraving
mame/train/Engraving/406309.jpg,train,406309.jpg,Engraving
mame/train/Engraving/342881.jpg,train,342881.jpg,Engraving
mame/train/Engraving/393977.jpg,train,393977.jpg,Engraving
mame/train/Engraving/233461-150597.jpg,train,233461-150597.jpg,Engraving
mame/train/Engraving/1923.746.9.jpeg,train,1923.746.9.jpeg,Engraving
mame/train/Engraving/336195.jpg,train,336195.jpg,Engraving
mame/train/Engraving/1926.314.jpeg,train,1926.314.jpeg,Engraving
mame/train/Engraving/811992.jpg,train,811992.jpg,Engraving
mame/train/Engraving/402799.jpg,train,402799.jpg,Engraving
mame/train/Engraving/1987.108.jpeg,train,1987.108.jpeg,Engraving
mame/train/Engraving/1922.264.jpeg,train,1922.264.jpeg,Engraving
mame/train/Engraving/652440.jpg,train,652440.jpg,Engraving
mame/train/Engraving/171329-39905.jpg,train,171329-39905.jpg,Engraving
mame/train/Engraving/1956.284.jpeg,train,1956.284.jpeg,Engraving
mame/train/Engraving/336222.jpg,train,336222.jpg,Engraving
mame/train/Engraving/2280769-77541.jpg,train,2280769-77541.jpg,Engraving
mame/train/Engraving/1943.572.jpeg,train,1943.572.jpeg,Engraving
mame/train/Engraving/238099-79194.jpg,train,238099-79194.jpg,Engraving
mame/train/Engraving/418918.jpg,train,418918.jpg,Engraving
mame/train/Etching/1976.54.jpeg,train,1976.54.jpeg,Etching
mame/train/Etching/231952-147840.jpg,train,231952-147840.jpg,Etching
mame/train/Etching/2280813-76965.jpg,train,2280813-76965.jpg,Etching
mame/train/Etching/173258-147912.jpg,train,173258-147912.jpg,Etching
mame/train/Etching/1923.99.jpeg,train,1923.99.jpeg,Etching
mame/train/Etching/249476-70163.jpg,train,249476-70163.jpg,Etching
mame/train/Etching/391675.jpg,train,391675.jpg,Etching
mame/train/Etching/410327.jpg,train,410327.jpg,Etching
mame/train/Etching/1922.412.12.jpeg,train,1922.412.12.jpeg,Etching
mame/train/Etching/385957.jpg,train,385957.jpg,Etching
mame/train/Etching/234682-151183.jpg,train,234682-151183.jpg,Etching
mame/train/Etching/1974.254.jpeg,train,1974.254.jpeg,Etching
mame/train/Etching/735219.jpg,train,735219.jpg,Etching
mame/train/Etching/173713-148094.jpg,train,173713-148094.jpg,Etching
mame/train/Etching/173713-148088.jpg,train,173713-148088.jpg,Etching
mame/train/Etching/1921.208.jpeg,train,1921.208.jpeg,Etching
mame/train/Etching/234419-150954.jpg,train,234419-150954.jpg,Etching
mame/train/Etching/234602-151185.jpg,train,234602-151185.jpg,Etching
mame/train/Etching/397467.jpg,train,397467.jpg,Etching
mame/train/Etching/376685.jpg,train,376685.jpg,Etching
mame/train/Wood engraving/1939.251.jpeg,train,1939.251.jpeg,Wood engraving
mame/train/Wood engraving/736073.jpg,train,736073.jpg,Wood engraving
mame/train/Wood engraving/761163.jpg,train,761163.jpg,Wood engraving
mame/train/Wood engraving/700960.jpg,train,700960.jpg,Wood engraving
mame/train/Wood engraving/371226.jpg,train,371226.jpg,Wood engraving
mame/train/Wood engraving/392217.jpg,train,392217.jpg,Wood engraving
mame/train/Wood engraving/359078.jpg,train,359078.jpg,Wood engraving
mame/train/Wood engraving/761291.jpg,train,761291.jpg,Wood engraving
mame/train/Wood engraving/1921.1296.jpeg,train,1921.1296.jpeg,Wood engraving
mame/train/Wood engraving/642840.jpg,train,642840.jpg,Wood engraving
mame/train/Wood engraving/1924.379.jpeg,train,1924.379.jpeg,Wood engraving
mame/train/Wood engraving/392209.jpg,train,392209.jpg,Wood engraving
mame/train/Wood engraving/1942.1316.jpeg,train,1942.1316.jpeg,Wood engraving
mame/train/Wood engraving/359075.jpg,train,359075.jpg,Wood engraving
mame/train/Wood engraving/372959.jpg,train,372959.jpg,Wood engraving
mame/train/Wood engraving/735949.jpg,train,735949.jpg,Wood engraving
mame/train/Wood engraving/626354.jpg,train,626354.jpg,Wood engraving
mame/train/Wood engraving/1929.175.jpeg,train,1929.175.jpeg,Wood engraving
mame/train/Wood engraving/1942.1295.jpeg,train,1942.1295.jpeg,Wood engraving
mame/train/Wood engraving/700952.jpg,train,700952.jpg,Wood engraving
mame/train/Iron/446239.jpg,train,446239.jpg,Iron
mame/train/Iron/33676.jpg,train,33676.jpg,Iron
mame/train/Iron/1919.350.jpeg,train,1919.350.jpeg,Iron
mame/train/Iron/327028.jpg,train,327028.jpg,Iron
mame/train/Iron/712742.jpg,train,712742.jpg,Iron
mame/train/Iron/187130.jpg,train,187130.jpg,Iron
mame/train/Iron/465452.jpg,train,465452.jpg,Iron
mame/train/Iron/477754.jpg,train,477754.jpg,Iron
mame/train/Iron/1919.467.jpeg,train,1919.467.jpeg,Iron
mame/train/Iron/35128.jpg,train,35128.jpg,Iron
mame/train/Iron/468842.jpg,train,468842.jpg,Iron
mame/train/Iron/1919.301.jpeg,train,1919.301.jpeg,Iron
mame/train/Iron/27670.jpg,train,27670.jpg,Iron
mame/train/Iron/471446.jpg,train,471446.jpg,Iron
mame/train/Iron/1919.515.jpeg,train,1919.515.jpeg,Iron
mame/train/Iron/467739.jpg,train,467739.jpg,Iron
mame/train/Iron/29359.jpg,train,29359.jpg,Iron
mame/train/Iron/29149.jpg,train,29149.jpg,Iron
mame/train/Iron/35894.jpg,train,35894.jpg,Iron
mame/train/Iron/477772.jpg,train,477772.jpg,Iron
mame/train/Woven fabric /67521.jpg,train,67521.jpg,Woven fabric 
mame/train/Woven fabric /68216.jpg,train,68216.jpg,Woven fabric 
mame/train/Woven fabric /66638.jpg,train,66638.jpg,Woven fabric 
mame/train/Woven fabric /157744.jpg,train,157744.jpg,Woven fabric 
mame/train/Woven fabric /224671.jpg,train,224671.jpg,Woven fabric 
mame/train/Woven fabric /65908.jpg,train,65908.jpg,Woven fabric 
mame/train/Woven fabric /72138.jpg,train,72138.jpg,Woven fabric 
mame/train/Woven fabric /112704.jpg,train,112704.jpg,Woven fabric 
mame/train/Woven fabric /1920.1639.jpeg,train,1920.1639.jpeg,Woven fabric 
mame/train/Woven fabric /220031.jpg,train,220031.jpg,Woven fabric 
mame/train/Woven fabric /65788.jpg,train,65788.jpg,Woven fabric 
mame/train/Woven fabric /67556.jpg,train,67556.jpg,Woven fabric 
mame/train/Woven fabric /68140.jpg,train,68140.jpg,Woven fabric 
mame/train/Woven fabric /170350.jpg,train,170350.jpg,Woven fabric 
mame/train/Woven fabric /228787.jpg,train,228787.jpg,Woven fabric 
mame/train/Woven fabric /83565.jpg,train,83565.jpg,Woven fabric 
mame/train/Woven fabric /103120.jpg,train,103120.jpg,Woven fabric 
mame/train/Woven fabric /174232.jpg,train,174232.jpg,Woven fabric 
mame/train/Woven fabric /67336.jpg,train,67336.jpg,Woven fabric 
mame/train/Woven fabric /156842.jpg,train,156842.jpg,Woven fabric 
mame/train/Gold/64258.jpg,train,64258.jpg,Gold
mame/train/Gold/212782-80910.jpg,train,212782-80910.jpg,Gold
mame/train/Gold/1969.172.jpeg,train,1969.172.jpeg,Gold
mame/train/Gold/253669.jpg,train,253669.jpg,Gold
mame/train/Gold/243534.jpg,train,243534.jpg,Gold
mame/train/Gold/1969.178.jpeg,train,1969.178.jpeg,Gold
mame/train/Gold/246002.jpg,train,246002.jpg,Gold
mame/train/Gold/242531.jpg,train,242531.jpg,Gold
mame/train/Gold/242506.jpg,train,242506.jpg,Gold
mame/train/Gold/243119.jpg,train,243119.jpg,Gold
mame/train/Gold/255898.jpg,train,255898.jpg,Gold
mame/train/Gold/316686.jpg,train,316686.jpg,Gold
mame/train/Gold/65168.jpg,train,65168.jpg,Gold
mame/train/Gold/312741.jpg,train,312741.jpg,Gold
mame/train/Gold/238917-151787.jpg,train,238917-151787.jpg,Gold
mame/train/Gold/1943.288.jpeg,train,1943.288.jpeg,Gold
mame/train/Gold/309974.jpg,train,309974.jpg,Gold
mame/train/Gold/49705.jpg,train,49705.jpg,Gold
mame/train/Gold/49754.jpg,train,49754.jpg,Gold
mame/train/Gold/242913.jpg,train,242913.jpg,Gold
mame/train/Limestone/241878.jpg,train,241878.jpg,Limestone
mame/train/Limestone/466404.jpg,train,466404.jpg,Limestone
mame/train/Limestone/471134.jpg,train,471134.jpg,Limestone
mame/train/Limestone/545332.jpg,train,545332.jpg,Limestone
mame/train/Limestone/242320.jpg,train,242320.jpg,Limestone
mame/train/Limestone/241911.jpg,train,241911.jpg,Limestone
mame/train/Limestone/242025.jpg,train,242025.jpg,Limestone
mame/train/Limestone/548111.jpg,train,548111.jpg,Limestone
mame/train/Limestone/456164.jpg,train,456164.jpg,Limestone
mame/train/Limestone/546431.jpg,train,546431.jpg,Limestone
mame/train/Limestone/324568.jpg,train,324568.jpg,Limestone
mame/train/Limestone/201952.jpg,train,201952.jpg,Limestone
mame/train/Limestone/242134.jpg,train,242134.jpg,Limestone
mame/train/Limestone/548044.jpg,train,548044.jpg,Limestone
mame/train/Limestone/242204.jpg,train,242204.jpg,Limestone
mame/train/Limestone/1930.734.jpeg,train,1930.734.jpeg,Limestone
mame/train/Limestone/467606.jpg,train,467606.jpg,Limestone
mame/train/Limestone/546614.jpg,train,546614.jpg,Limestone
mame/train/Limestone/551091.jpg,train,551091.jpg,Limestone
mame/train/Limestone/327048.jpg,train,327048.jpg,Limestone
mame/train/Faience/561050.jpg,train,561050.jpg,Faience
mame/train/Faience/556918.jpg,train,556918.jpg,Faience
mame/train/Faience/551748.jpg,train,551748.jpg,Faience
mame/train/Faience/625472.jpg,train,625472.jpg,Faience
mame/train/Faience/559593.jpg,train,559593.jpg,Faience
mame/train/Faience/244694-50252.jpg,train,244694-50252.jpg,Faience
mame/train/Faience/571949.jpg,train,571949.jpg,Faience
mame/train/Faience/625832.jpg,train,625832.jpg,Faience
mame/train/Faience/625836.jpg,train,625836.jpg,Faience
mame/train/Faience/591036.jpg,train,591036.jpg,Faience
mame/train/Faience/1964.539.jpeg,train,1964.539.jpeg,Faience
mame/train/Faience/623608.jpg,train,623608.jpg,Faience
mame/train/Faience/551326.jpg,train,551326.jpg,Faience
mame/train/Faience/561020.jpg,train,561020.jpg,Faience
mame/train/Faience/625858.jpg,train,625858.jpg,Faience
mame/train/Faience/625475.jpg,train,625475.jpg,Faience
mame/train/Faience/545886.jpg,train,545886.jpg,Faience
mame/train/Faience/550532.jpg,train,550532.jpg,Faience
mame/train/Faience/244663-50180.jpg,train,244663-50180.jpg,Faience
mame/train/Faience/545366.jpg,train,545366.jpg,Faience
mame/train/Pen and brown ink/360142.jpg,train,360142.jpg,Pen and brown ink
mame/train/Pen and brown ink/388698.jpg,train,388698.jpg,Pen and brown ink
mame/train/Pen and brown ink/338081.jpg,train,338081.jpg,Pen and brown ink
mame/train/Pen and brown ink/1964.383.jpeg,train,1964.383.jpeg,Pen and brown ink
mame/train/Pen and brown ink/338179.jpg,train,338179.jpg,Pen and brown ink
mame/train/Pen and brown ink/337278.jpg,train,337278.jpg,Pen and brown ink
mame/train/Pen and brown ink/335120.jpg,train,335120.jpg,Pen and brown ink
mame/train/Pen and brown ink/459714.jpg,train,459714.jpg,Pen and brown ink
mame/train/Pen and brown ink/338957.jpg,train,338957.jpg,Pen and brown ink
mame/train/Pen and brown ink/338026.jpg,train,338026.jpg,Pen and brown ink
mame/train/Pen and brown ink/340807.jpg,train,340807.jpg,Pen and brown ink
mame/train/Pen and brown ink/2008.373.a.jpeg,train,2008.373.a.jpeg,Pen and brown ink
mame/train/Pen and brown ink/370748.jpg,train,370748.jpg,Pen and brown ink
mame/train/Pen and brown ink/380566.jpg,train,380566.jpg,Pen and brown ink
mame/train/Pen and brown ink/459766.jpg,train,459766.jpg,Pen and brown ink
mame/train/Pen and brown ink/338851.jpg,train,338851.jpg,Pen and brown ink
mame/train/Pen and brown ink/338364.jpg,train,338364.jpg,Pen and brown ink
mame/train/Pen and brown ink/343757.jpg,train,343757.jpg,Pen and brown ink
mame/train/Pen and brown ink/361999.jpg,train,361999.jpg,Pen and brown ink
mame/train/Pen and brown ink/359620.jpg,train,359620.jpg,Pen and brown ink
mame/train/Wood/325775.jpg,train,325775.jpg,Wood
mame/train/Wood/38531.jpg,train,38531.jpg,Wood
mame/train/Wood/59738.jpg,train,59738.jpg,Wood
mame/train/Wood/451039.jpg,train,451039.jpg,Wood
mame/train/Wood/445036.jpg,train,445036.jpg,Wood
mame/train/Wood/471302.jpg,train,471302.jpg,Wood
mame/train/Wood/201364.jpg,train,201364.jpg,Wood
mame/train/Wood/551967.jpg,train,551967.jpg,Wood
mame/train/Wood/452198.jpg,train,452198.jpg,Wood
mame/train/Wood/461123.jpg,train,461123.jpg,Wood
mame/train/Wood/471409.jpg,train,471409.jpg,Wood
mame/train/Wood/547571.jpg,train,547571.jpg,Wood
mame/train/Wood/2110227-1608.jpg,train,2110227-1608.jpg,Wood
mame/train/Wood/195023.jpg,train,195023.jpg,Wood
mame/train/Wood/556550.jpg,train,556550.jpg,Wood
mame/train/Wood/698521.jpg,train,698521.jpg,Wood
mame/train/Wood/564548.jpg,train,564548.jpg,Wood
mame/train/Wood/501193.jpg,train,501193.jpg,Wood
mame/train/Wood/471420.jpg,train,471420.jpg,Wood
mame/train/Wood/546780.jpg,train,546780.jpg,Wood
mame/train/Woodblock/213143-80839.jpg,train,213143-80839.jpg,Woodblock
mame/train/Woodblock/189709-76080.jpg,train,189709-76080.jpg,Woodblock
mame/train/Woodblock/201484-87320.jpg,train,201484-87320.jpg,Woodblock
mame/train/Woodblock/213436-80812.jpg,train,213436-80812.jpg,Woodblock
mame/train/Woodblock/63341.jpg,train,63341.jpg,Woodblock
mame/train/Woodblock/191474-68800.jpg,train,191474-68800.jpg,Woodblock
mame/train/Woodblock/58000.jpg,train,58000.jpg,Woodblock
mame/train/Woodblock/53812.jpg,train,53812.jpg,Woodblock
mame/train/Woodblock/238219-79359.jpg,train,238219-79359.jpg,Woodblock
mame/train/Woodblock/435302.jpg,train,435302.jpg,Woodblock
mame/train/Woodblock/1921.345.jpeg,train,1921.345.jpeg,Woodblock
mame/train/Woodblock/57062.jpg,train,57062.jpg,Woodblock
mame/train/Woodblock/201557-87252.jpg,train,201557-87252.jpg,Woodblock
mame/train/Woodblock/78630.jpg,train,78630.jpg,Woodblock
mame/train/Woodblock/55446.jpg,train,55446.jpg,Woodblock
mame/train/Woodblock/56069.jpg,train,56069.jpg,Woodblock
mame/train/Woodblock/54433.jpg,train,54433.jpg,Woodblock
mame/train/Woodblock/190572-83440.jpg,train,190572-83440.jpg,Woodblock
mame/train/Woodblock/57135.jpg,train,57135.jpg,Woodblock
mame/train/Woodblock/1940.1030.jpeg,train,1940.1030.jpeg,Woodblock
mame/train/Oil on canvas/186096-117695.jpg,train,186096-117695.jpg,Oil on canvas
mame/train/Oil on canvas/13346.jpg,train,13346.jpg,Oil on canvas
mame/train/Oil on canvas/1953.649.jpeg,train,1953.649.jpeg,Oil on canvas
mame/train/Oil on canvas/1938.42.jpeg,train,1938.42.jpeg,Oil on canvas
mame/train/Oil on canvas/436692.jpg,train,436692.jpg,Oil on canvas
mame/train/Oil on canvas/186803-131271.jpg,train,186803-131271.jpg,Oil on canvas
mame/train/Oil on canvas/170802-232154.jpg,train,170802-232154.jpg,Oil on canvas
mame/train/Oil on canvas/1970.30.jpeg,train,1970.30.jpeg,Oil on canvas
mame/train/Oil on canvas/229465-78147.jpg,train,229465-78147.jpg,Oil on canvas
mame/train/Oil on canvas/1970.32.jpeg,train,1970.32.jpeg,Oil on canvas
mame/train/Oil on canvas/2008.69.jpeg,train,2008.69.jpeg,Oil on canvas
mame/train/Oil on canvas/1981.18.jpeg,train,1981.18.jpeg,Oil on canvas
mame/train/Oil on canvas/1958.175.1.jpeg,train,1958.175.1.jpeg,Oil on canvas
mame/train/Oil on canvas/437791.jpg,train,437791.jpg,Oil on canvas
mame/train/Oil on canvas/222686-5889.jpg,train,222686-5889.jpg,Oil on canvas
mame/train/Oil on canvas/1948.181.jpeg,train,1948.181.jpeg,Oil on canvas
mame/train/Oil on canvas/253737-47713.jpg,train,253737-47713.jpg,Oil on canvas
mame/train/Oil on canvas/1920.254.jpeg,train,1920.254.jpeg,Oil on canvas
mame/train/Oil on canvas/172882-28046.jpg,train,172882-28046.jpg,Oil on canvas
mame/train/Oil on canvas/1952.235.4.jpeg,train,1952.235.4.jpeg,Oil on canvas
mame/train/Albumen photograph/411416.jpg,train,411416.jpg,Albumen photograph
mame/train/Albumen photograph/710221.jpg,train,710221.jpg,Albumen photograph
mame/train/Albumen photograph/306615.jpg,train,306615.jpg,Albumen photograph
mame/train/Albumen photograph/306789.jpg,train,306789.jpg,Albumen photograph
mame/train/Albumen photograph/710649.jpg,train,710649.jpg,Albumen photograph
mame/train/Albumen photograph/265795.jpg,train,265795.jpg,Albumen photograph
mame/train/Albumen photograph/647908.jpg,train,647908.jpg,Albumen photograph
mame/train/Albumen photograph/417179.jpg,train,417179.jpg,Albumen photograph
mame/train/Albumen photograph/708772.jpg,train,708772.jpg,Albumen photograph
mame/train/Albumen photograph/268104.jpg,train,268104.jpg,Albumen photograph
mame/train/Albumen photograph/416149.jpg,train,416149.jpg,Albumen photograph
mame/train/Albumen photograph/283202.jpg,train,283202.jpg,Albumen photograph
mame/train/Albumen photograph/286841.jpg,train,286841.jpg,Albumen photograph
mame/train/Albumen photograph/645431.jpg,train,645431.jpg,Albumen photograph
mame/train/Albumen photograph/266895.jpg,train,266895.jpg,Albumen photograph
mame/train/Albumen photograph/268063.jpg,train,268063.jpg,Albumen photograph
mame/train/Albumen photograph/416671.jpg,train,416671.jpg,Albumen photograph
mame/train/Albumen photograph/648629.jpg,train,648629.jpg,Albumen photograph
mame/train/Albumen photograph/411453.jpg,train,411453.jpg,Albumen photograph
mame/train/Albumen photograph/307006.jpg,train,307006.jpg,Albumen photograph
mame/train/Bronze/226594-108630.jpg,train,226594-108630.jpg,Bronze
mame/train/Bronze/1942.775.jpeg,train,1942.775.jpeg,Bronze
mame/train/Bronze/1940.579.jpeg,train,1940.579.jpeg,Bronze
mame/train/Bronze/250270.jpg,train,250270.jpg,Bronze
mame/train/Bronze/1916.1177.jpeg,train,1916.1177.jpeg,Bronze
mame/train/Bronze/191639.jpg,train,191639.jpg,Bronze
mame/train/Bronze/225935-108101.jpg,train,225935-108101.jpg,Bronze
mame/train/Bronze/243955-53525.jpg,train,243955-53525.jpg,Bronze
mame/train/Bronze/233880-150793.jpg,train,233880-150793.jpg,Bronze
mame/train/Bronze/246782.jpg,train,246782.jpg,Bronze
mame/train/Bronze/239277-90320.jpg,train,239277-90320.jpg,Bronze
mame/train/Bronze/1972.72.jpeg,train,1972.72.jpeg,Bronze
mame/train/Bronze/173544-109213.jpg,train,173544-109213.jpg,Bronze
mame/train/Bronze/1920.735.a.jpeg,train,1920.735.a.jpeg,Bronze
mame/train/Bronze/248656.jpg,train,248656.jpg,Bronze
mame/train/Bronze/186262-321082.jpg,train,186262-321082.jpg,Bronze
mame/train/Bronze/1950.580.jpeg,train,1950.580.jpeg,Bronze
mame/train/Bronze/226079-108206.jpg,train,226079-108206.jpg,Bronze
mame/train/Bronze/325121.jpg,train,325121.jpg,Bronze
mame/train/Bronze/1993.233.jpeg,train,1993.233.jpeg,Bronze
mame/train/Silk and metal thread/224656.jpg,train,224656.jpg,Silk and metal thread
mame/train/Silk and metal thread/65958.jpg,train,65958.jpg,Silk and metal thread
mame/train/Silk and metal thread/230632.jpg,train,230632.jpg,Silk and metal thread
mame/train/Silk and metal thread/230074.jpg,train,230074.jpg,Silk and metal thread
mame/train/Silk and metal thread/65127.jpg,train,65127.jpg,Silk and metal thread
mame/train/Silk and metal thread/230284.jpg,train,230284.jpg,Silk and metal thread
mame/train/Silk and metal thread/219817.jpg,train,219817.jpg,Silk and metal thread
mame/train/Silk and metal thread/230131.jpg,train,230131.jpg,Silk and metal thread
mame/train/Silk and metal thread/67852.jpg,train,67852.jpg,Silk and metal thread
mame/train/Silk and metal thread/230057.jpg,train,230057.jpg,Silk and metal thread
mame/train/Silk and metal thread/69052.jpg,train,69052.jpg,Silk and metal thread
mame/train/Silk and metal thread/230437.jpg,train,230437.jpg,Silk and metal thread
mame/train/Silk and metal thread/66627.jpg,train,66627.jpg,Silk and metal thread
mame/train/Silk and metal thread/84580.jpg,train,84580.jpg,Silk and metal thread
mame/train/Silk and metal thread/230166.jpg,train,230166.jpg,Silk and metal thread
mame/train/Silk and metal thread/1934.203.jpeg,train,1934.203.jpeg,Silk and metal thread
mame/train/Silk and metal thread/229311.jpg,train,229311.jpg,Silk and metal thread
mame/train/Silk and metal thread/66130.jpg,train,66130.jpg,Silk and metal thread
mame/train/Silk and metal thread/230528.jpg,train,230528.jpg,Silk and metal thread
mame/train/Silk and metal thread/226426.jpg,train,226426.jpg,Silk and metal thread
mame/train/Woodcut/660101.jpg,train,660101.jpg,Woodcut
mame/train/Woodcut/1929.161.jpeg,train,1929.161.jpeg,Woodcut
mame/train/Woodcut/343126.jpg,train,343126.jpg,Woodcut
mame/train/Woodcut/416712.jpg,train,416712.jpg,Woodcut
mame/train/Woodcut/358318.jpg,train,358318.jpg,Woodcut
mame/train/Woodcut/1952.296.11.jpeg,train,1952.296.11.jpeg,Woodcut
mame/train/Woodcut/1952.296.4.jpeg,train,1952.296.4.jpeg,Woodcut
mame/train/Woodcut/1929.162.jpeg,train,1929.162.jpeg,Woodcut
mame/train/Woodcut/1925.1324.jpeg,train,1925.1324.jpeg,Woodcut
mame/train/Woodcut/1922.94.16.jpeg,train,1922.94.16.jpeg,Woodcut
mame/train/Woodcut/1929.878.10.jpeg,train,1929.878.10.jpeg,Woodcut
mame/train/Woodcut/1974.155.jpeg,train,1974.155.jpeg,Woodcut
mame/train/Woodcut/752394.jpg,train,752394.jpg,Woodcut
mame/train/Woodcut/1962.390.jpeg,train,1962.390.jpeg,Woodcut
mame/train/Woodcut/661011.jpg,train,661011.jpg,Woodcut
mame/train/Woodcut/681472.jpg,train,681472.jpg,Woodcut
mame/train/Woodcut/429642.jpg,train,429642.jpg,Woodcut
mame/train/Woodcut/662277.jpg,train,662277.jpg,Woodcut
mame/train/Woodcut/700375.jpg,train,700375.jpg,Woodcut
mame/train/Woodcut/367182.jpg,train,367182.jpg,Woodcut
mame/train/Lithograph/1968.322.jpeg,train,1968.322.jpeg,Lithograph
mame/train/Lithograph/1941.499.jpeg,train,1941.499.jpeg,Lithograph
mame/train/Lithograph/420700.jpg,train,420700.jpg,Lithograph
mame/train/Lithograph/407970.jpg,train,407970.jpg,Lithograph
mame/train/Lithograph/1924.286.jpeg,train,1924.286.jpeg,Lithograph
mame/train/Lithograph/408384.jpg,train,408384.jpg,Lithograph
mame/train/Lithograph/2280544-146782.jpg,train,2280544-146782.jpg,Lithograph
mame/train/Lithograph/1940.1115.jpeg,train,1940.1115.jpeg,Lithograph
mame/train/Lithograph/229929-146333.jpg,train,229929-146333.jpg,Lithograph
mame/train/Lithograph/683202.jpg,train,683202.jpg,Lithograph
mame/train/Lithograph/409789.jpg,train,409789.jpg,Lithograph
mame/train/Lithograph/406927.jpg,train,406927.jpg,Lithograph
mame/train/Lithograph/638437.jpg,train,638437.jpg,Lithograph
mame/train/Lithograph/1950.341.jpeg,train,1950.341.jpeg,Lithograph
mame/train/Lithograph/2012.259.jpeg,train,2012.259.jpeg,Lithograph
mame/train/Lithograph/1997.228.jpeg,train,1997.228.jpeg,Lithograph
mame/train/Lithograph/231299-146999.jpg,train,231299-146999.jpg,Lithograph
mame/train/Lithograph/2280142-151827.jpg,train,2280142-151827.jpg,Lithograph
mame/train/Lithograph/773699.jpg,train,773699.jpg,Lithograph
mame/train/Lithograph/2014.317.jpeg,train,2014.317.jpeg,Lithograph
mame/train/Polychromed wood/435772.jpg,train,435772.jpg,Polychromed wood
mame/train/Polychromed wood/212163-8135.jpg,train,212163-8135.jpg,Polychromed wood
mame/train/Polychromed wood/546319.jpg,train,546319.jpg,Polychromed wood
mame/train/Polychromed wood/436771.jpg,train,436771.jpg,Polychromed wood
mame/train/Polychromed wood/11448.jpg,train,11448.jpg,Polychromed wood
mame/train/Polychromed wood/437578.jpg,train,437578.jpg,Polychromed wood
mame/train/Polychromed wood/459008.jpg,train,459008.jpg,Polychromed wood
mame/train/Polychromed wood/436047.jpg,train,436047.jpg,Polychromed wood
mame/train/Polychromed wood/1979.140.jpeg,train,1979.140.jpeg,Polychromed wood
mame/train/Polychromed wood/544167.jpg,train,544167.jpg,Polychromed wood
mame/train/Polychromed wood/1933.403.jpeg,train,1933.403.jpeg,Polychromed wood
mame/train/Polychromed wood/436558.jpg,train,436558.jpg,Polychromed wood
mame/train/Polychromed wood/437603.jpg,train,437603.jpg,Polychromed wood
mame/train/Polychromed wood/436968.jpg,train,436968.jpg,Polychromed wood
mame/train/Polychromed wood/1914.808.jpeg,train,1914.808.jpeg,Polychromed wood
mame/train/Polychromed wood/435779.jpg,train,435779.jpg,Polychromed wood
mame/train/Polychromed wood/436263.jpg,train,436263.jpg,Polychromed wood
mame/train/Polychromed wood/436801.jpg,train,436801.jpg,Polychromed wood
mame/train/Polychromed wood/209176-17172.jpg,train,209176-17172.jpg,Polychromed wood
mame/train/Polychromed wood/438020.jpg,train,438020.jpg,Polychromed wood
mame/train/Porcelain/231694-147685.jpg,train,231694-147685.jpg,Porcelain
mame/train/Porcelain/185709-117520.jpg,train,185709-117520.jpg,Porcelain
mame/train/Porcelain/15406.jpg,train,15406.jpg,Porcelain
mame/train/Porcelain/208411.jpg,train,208411.jpg,Porcelain
mame/train/Porcelain/1989.185.jpeg,train,1989.185.jpeg,Porcelain
mame/train/Porcelain/201427.jpg,train,201427.jpg,Porcelain
mame/train/Porcelain/202197.jpg,train,202197.jpg,Porcelain
mame/train/Porcelain/192803.jpg,train,192803.jpg,Porcelain
mame/train/Porcelain/199045.jpg,train,199045.jpg,Porcelain
mame/train/Porcelain/771038.jpg,train,771038.jpg,Porcelain
mame/train/Porcelain/1930.318.jpeg,train,1930.318.jpeg,Porcelain
mame/train/Porcelain/60302.jpg,train,60302.jpg,Porcelain
mame/train/Porcelain/200924.jpg,train,200924.jpg,Porcelain
mame/train/Porcelain/207114.jpg,train,207114.jpg,Porcelain
mame/train/Porcelain/203408.jpg,train,203408.jpg,Porcelain
mame/train/Porcelain/1939.204.jpeg,train,1939.204.jpeg,Porcelain
mame/train/Porcelain/1942.865.jpeg,train,1942.865.jpeg,Porcelain
mame/train/Porcelain/205338.jpg,train,205338.jpg,Porcelain
mame/train/Porcelain/1969.74.jpeg,train,1969.74.jpeg,Porcelain
mame/train/Porcelain/188681.jpg,train,188681.jpg,Porcelain
mame/train/Clay/321851.jpg,train,321851.jpg,Clay
mame/train/Clay/321545.jpg,train,321545.jpg,Clay
mame/train/Clay/323330.jpg,train,323330.jpg,Clay
mame/train/Clay/322022.jpg,train,322022.jpg,Clay
mame/train/Clay/323272.jpg,train,323272.jpg,Clay
mame/train/Clay/328906.jpg,train,328906.jpg,Clay
mame/train/Clay/321801.jpg,train,321801.jpg,Clay
mame/train/Clay/321924.jpg,train,321924.jpg,Clay
mame/train/Clay/321838.jpg,train,321838.jpg,Clay
mame/train/Clay/321702.jpg,train,321702.jpg,Clay
mame/train/Clay/241853.jpg,train,241853.jpg,Clay
mame/train/Clay/321714.jpg,train,321714.jpg,Clay
mame/train/Clay/321865.jpg,train,321865.jpg,Clay
mame/train/Clay/322105.jpg,train,322105.jpg,Clay
mame/train/Clay/324589.jpg,train,324589.jpg,Clay
mame/train/Clay/321996.jpg,train,321996.jpg,Clay
mame/train/Clay/326458.jpg,train,326458.jpg,Clay
mame/train/Clay/321789.jpg,train,321789.jpg,Clay
mame/train/Clay/321737.jpg,train,321737.jpg,Clay
mame/train/Clay/324015.jpg,train,324015.jpg,Clay
mame/train/Hand-colored engraving/252916-47370.jpg,train,252916-47370.jpg,Hand-colored engraving
mame/train/Hand-colored engraving/208465-55993.jpg,train,208465-55993.jpg,Hand-colored engraving
mame/train/Hand-colored engraving/208197-103516.jpg,train,208197-103516.jpg,Hand-colored engraving
mame/train/Hand-colored engraving/208095-103448.jpg,train,208095-103448.jpg,Hand-colored engraving
mame/train/Hand-colored engraving/208541-56015.jpg,train,208541-56015.jpg,Hand-colored engraving
mame/train/Hand-colored engraving/208545-56038.jpg,train,208545-56038.jpg,Hand-colored engraving
mame/train/Hand-colored engraving/208329-55783.jpg,train,208329-55783.jpg,Hand-colored engraving
mame/train/Hand-colored engraving/208471-55998.jpg,train,208471-55998.jpg,Hand-colored engraving
mame/train/Hand-colored engraving/208573-56105.jpg,train,208573-56105.jpg,Hand-colored engraving
mame/train/Hand-colored engraving/252778-47304.jpg,train,252778-47304.jpg,Hand-colored engraving
mame/train/Hand-colored engraving/252894-47339.jpg,train,252894-47339.jpg,Hand-colored engraving
mame/train/Hand-colored engraving/252815-47314.jpg,train,252815-47314.jpg,Hand-colored engraving
mame/train/Hand-colored engraving/208138-103467.jpg,train,208138-103467.jpg,Hand-colored engraving
mame/train/Hand-colored engraving/208419-55966.jpg,train,208419-55966.jpg,Hand-colored engraving
mame/train/Hand-colored engraving/252856-47352.jpg,train,252856-47352.jpg,Hand-colored engraving
mame/train/Hand-colored engraving/208198-55731.jpg,train,208198-55731.jpg,Hand-colored engraving
mame/train/Hand-colored engraving/208640-56103.jpg,train,208640-56103.jpg,Hand-colored engraving
mame/train/Hand-colored engraving/252715-47175.jpg,train,252715-47175.jpg,Hand-colored engraving
mame/train/Hand-colored engraving/247689-55580.jpg,train,247689-55580.jpg,Hand-colored engraving
mame/train/Hand-colored engraving/208129-103489.jpg,train,208129-103489.jpg,Hand-colored engraving
mame/train/Steel/23619.jpg,train,23619.jpg,Steel
mame/train/Steel/23702.jpg,train,23702.jpg,Steel
mame/train/Steel/23566.jpg,train,23566.jpg,Steel
mame/train/Steel/23115.jpg,train,23115.jpg,Steel
mame/train/Steel/23633.jpg,train,23633.jpg,Steel
mame/train/Steel/665373.jpg,train,665373.jpg,Steel
mame/train/Steel/23759.jpg,train,23759.jpg,Steel
mame/train/Steel/23630.jpg,train,23630.jpg,Steel
mame/train/Steel/27614.jpg,train,27614.jpg,Steel
mame/train/Steel/1918.748.jpeg,train,1918.748.jpeg,Steel
mame/train/Steel/23714.jpg,train,23714.jpg,Steel
mame/train/Steel/1918.681.jpeg,train,1918.681.jpeg,Steel
mame/train/Steel/23574.jpg,train,23574.jpg,Steel
mame/train/Steel/23235.jpg,train,23235.jpg,Steel
mame/train/Steel/22820.jpg,train,22820.jpg,Steel
mame/train/Steel/23558.jpg,train,23558.jpg,Steel
mame/train/Steel/22816.jpg,train,22816.jpg,Steel
mame/train/Steel/23607.jpg,train,23607.jpg,Steel
mame/train/Steel/24809.jpg,train,24809.jpg,Steel
mame/train/Steel/23455.jpg,train,23455.jpg,Steel
mame/train/Ivory/547964.jpg,train,547964.jpg,Ivory
mame/train/Ivory/467736.jpg,train,467736.jpg,Ivory
mame/train/Ivory/451935.jpg,train,451935.jpg,Ivory
mame/train/Ivory/452393.jpg,train,452393.jpg,Ivory
mame/train/Ivory/324205.jpg,train,324205.jpg,Ivory
mame/train/Ivory/325089.jpg,train,325089.jpg,Ivory
mame/train/Ivory/436274.jpg,train,436274.jpg,Ivory
mame/train/Ivory/547407.jpg,train,547407.jpg,Ivory
mame/train/Ivory/60390.jpg,train,60390.jpg,Ivory
mame/train/Ivory/38448.jpg,train,38448.jpg,Ivory
mame/train/Ivory/324694.jpg,train,324694.jpg,Ivory
mame/train/Ivory/316611.jpg,train,316611.jpg,Ivory
mame/train/Ivory/452340.jpg,train,452340.jpg,Ivory
mame/train/Ivory/209547.jpg,train,209547.jpg,Ivory
mame/train/Ivory/435662.jpg,train,435662.jpg,Ivory
mame/train/Ivory/60276.jpg,train,60276.jpg,Ivory
mame/train/Ivory/60417.jpg,train,60417.jpg,Ivory
mame/train/Ivory/436610.jpg,train,436610.jpg,Ivory
mame/train/Ivory/316442.jpg,train,316442.jpg,Ivory
mame/train/Ivory/546440.jpg,train,546440.jpg,Ivory
mame/train/Marble/230244-380387.jpg,train,230244-380387.jpg,Marble
mame/train/Marble/257633.jpg,train,257633.jpg,Marble
mame/train/Marble/239342.jpg,train,239342.jpg,Marble
mame/train/Marble/470681.jpg,train,470681.jpg,Marble
mame/train/Marble/470785.jpg,train,470785.jpg,Marble
mame/train/Marble/478937.jpg,train,478937.jpg,Marble
mame/train/Marble/185701-109670.jpg,train,185701-109670.jpg,Marble
mame/train/Marble/256120.jpg,train,256120.jpg,Marble
mame/train/Marble/192770.jpg,train,192770.jpg,Marble
mame/train/Marble/2011.110.jpeg,train,2011.110.jpeg,Marble
mame/train/Marble/313331.jpg,train,313331.jpg,Marble
mame/train/Marble/230223-146170.jpg,train,230223-146170.jpg,Marble
mame/train/Marble/470942.jpg,train,470942.jpg,Marble
mame/train/Marble/238032-79019.jpg,train,238032-79019.jpg,Marble
mame/train/Marble/252471.jpg,train,252471.jpg,Marble
mame/train/Marble/248699.jpg,train,248699.jpg,Marble
mame/train/Marble/194543.jpg,train,194543.jpg,Marble
mame/train/Marble/470913.jpg,train,470913.jpg,Marble
mame/train/Marble/1973.6.jpeg,train,1973.6.jpeg,Marble
mame/train/Marble/251520.jpg,train,251520.jpg,Marble
mame/train/Graphite/355660.jpg,train,355660.jpg,Graphite
mame/train/Graphite/359295.jpg,train,359295.jpg,Graphite
mame/train/Graphite/1971.116.c.jpeg,train,1971.116.c.jpeg,Graphite
mame/train/Graphite/418108.jpg,train,418108.jpg,Graphite
mame/train/Graphite/1925.804.jpeg,train,1925.804.jpeg,Graphite
mame/train/Graphite/363333.jpg,train,363333.jpg,Graphite
mame/train/Graphite/386711.jpg,train,386711.jpg,Graphite
mame/train/Graphite/386977.jpg,train,386977.jpg,Graphite
mame/train/Graphite/362761.jpg,train,362761.jpg,Graphite
mame/train/Graphite/343191.jpg,train,343191.jpg,Graphite
mame/train/Graphite/1989.13.s.jpeg,train,1989.13.s.jpeg,Graphite
mame/train/Graphite/367266.jpg,train,367266.jpg,Graphite
mame/train/Graphite/334432.jpg,train,334432.jpg,Graphite
mame/train/Graphite/367317.jpg,train,367317.jpg,Graphite
mame/train/Graphite/367338.jpg,train,367338.jpg,Graphite
mame/train/Graphite/367197.jpg,train,367197.jpg,Graphite
mame/train/Graphite/385242.jpg,train,385242.jpg,Graphite
mame/train/Graphite/358956.jpg,train,358956.jpg,Graphite
mame/train/Graphite/1975.42.jpeg,train,1975.42.jpeg,Graphite
mame/train/Graphite/363517.jpg,train,363517.jpg,Graphite
