food101/train/bruschetta/1880519.jpg,train,1880519.jpg,bruschetta
food101/train/bruschetta/1668990.jpg,train,1668990.jpg,bruschetta
food101/train/bruschetta/2115743.jpg,train,2115743.jpg,bruschetta
food101/train/bruschetta/3567017.jpg,train,3567017.jpg,bruschetta
food101/train/bruschetta/1115890.jpg,train,1115890.jpg,bruschetta
food101/train/bruschetta/2381015.jpg,train,2381015.jpg,bruschetta
food101/train/bruschetta/2487273.jpg,train,2487273.jpg,bruschetta
food101/train/bruschetta/1640671.jpg,train,1640671.jpg,bruschetta
food101/train/bruschetta/258908.jpg,train,258908.jpg,bruschetta
food101/train/bruschetta/2738558.jpg,train,2738558.jpg,bruschetta
food101/train/hamburger/2626189.jpg,train,2626189.jpg,hamburger
food101/train/hamburger/3568995.jpg,train,3568995.jpg,hamburger
food101/train/hamburger/209001.jpg,train,209001.jpg,hamburger
food101/train/hamburger/604162.jpg,train,604162.jpg,hamburger
food101/train/hamburger/239086.jpg,train,239086.jpg,hamburger
food101/train/hamburger/290587.jpg,train,290587.jpg,hamburger
food101/train/hamburger/474373.jpg,train,474373.jpg,hamburger
food101/train/hamburger/800876.jpg,train,800876.jpg,hamburger
food101/train/hamburger/73783.jpg,train,73783.jpg,hamburger
food101/train/hamburger/2014421.jpg,train,2014421.jpg,hamburger
food101/train/french_toast/1841356.jpg,train,1841356.jpg,french_toast
food101/train/french_toast/1830875.jpg,train,1830875.jpg,french_toast
food101/train/french_toast/2836520.jpg,train,2836520.jpg,french_toast
food101/train/french_toast/2330243.jpg,train,2330243.jpg,french_toast
food101/train/french_toast/1438879.jpg,train,1438879.jpg,french_toast
food101/train/french_toast/185114.jpg,train,185114.jpg,french_toast
food101/train/french_toast/552195.jpg,train,552195.jpg,french_toast
food101/train/french_toast/434637.jpg,train,434637.jpg,french_toast
food101/train/french_toast/3477692.jpg,train,3477692.jpg,french_toast
food101/train/french_toast/1054585.jpg,train,1054585.jpg,french_toast
food101/train/sashimi/2840202.jpg,train,2840202.jpg,sashimi
food101/train/sashimi/2665144.jpg,train,2665144.jpg,sashimi
food101/train/sashimi/1251801.jpg,train,1251801.jpg,sashimi
food101/train/sashimi/28492.jpg,train,28492.jpg,sashimi
food101/train/sashimi/1662743.jpg,train,1662743.jpg,sashimi
food101/train/sashimi/1810830.jpg,train,1810830.jpg,sashimi
food101/train/sashimi/3379594.jpg,train,3379594.jpg,sashimi
food101/train/sashimi/3486887.jpg,train,3486887.jpg,sashimi
food101/train/sashimi/3649758.jpg,train,3649758.jpg,sashimi
food101/train/sashimi/993162.jpg,train,993162.jpg,sashimi
food101/train/beef_tartare/1317962.jpg,train,1317962.jpg,beef_tartare
food101/train/beef_tartare/2183314.jpg,train,2183314.jpg,beef_tartare
food101/train/beef_tartare/456341.jpg,train,456341.jpg,beef_tartare
food101/train/beef_tartare/3894436.jpg,train,3894436.jpg,beef_tartare
food101/train/beef_tartare/969623.jpg,train,969623.jpg,beef_tartare
food101/train/beef_tartare/2834804.jpg,train,2834804.jpg,beef_tartare
food101/train/beef_tartare/1056987.jpg,train,1056987.jpg,beef_tartare
food101/train/beef_tartare/2686048.jpg,train,2686048.jpg,beef_tartare
food101/train/beef_tartare/1286264.jpg,train,1286264.jpg,beef_tartare
food101/train/beef_tartare/3830650.jpg,train,3830650.jpg,beef_tartare
food101/train/tiramisu/2684482.jpg,train,2684482.jpg,tiramisu
food101/train/tiramisu/3415141.jpg,train,3415141.jpg,tiramisu
food101/train/tiramisu/3640482.jpg,train,3640482.jpg,tiramisu
food101/train/tiramisu/3124601.jpg,train,3124601.jpg,tiramisu
food101/train/tiramisu/1405438.jpg,train,1405438.jpg,tiramisu
food101/train/tiramisu/1141716.jpg,train,1141716.jpg,tiramisu
food101/train/tiramisu/1413893.jpg,train,1413893.jpg,tiramisu
food101/train/tiramisu/1380802.jpg,train,1380802.jpg,tiramisu
food101/train/tiramisu/1799699.jpg,train,1799699.jpg,tiramisu
food101/train/tiramisu/3455427.jpg,train,3455427.jpg,tiramisu
food101/train/red_velvet_cake/1430970.jpg,train,1430970.jpg,red_velvet_cake
food101/train/red_velvet_cake/1197676.jpg,train,1197676.jpg,red_velvet_cake
food101/train/red_velvet_cake/954996.jpg,train,954996.jpg,red_velvet_cake
food101/train/red_velvet_cake/2922858.jpg,train,2922858.jpg,red_velvet_cake
food101/train/red_velvet_cake/377242.jpg,train,377242.jpg,red_velvet_cake
food101/train/red_velvet_cake/3603302.jpg,train,3603302.jpg,red_velvet_cake
food101/train/red_velvet_cake/3518085.jpg,train,3518085.jpg,red_velvet_cake
food101/train/red_velvet_cake/257867.jpg,train,257867.jpg,red_velvet_cake
food101/train/red_velvet_cake/2400954.jpg,train,2400954.jpg,red_velvet_cake
food101/train/red_velvet_cake/1231666.jpg,train,1231666.jpg,red_velvet_cake
food101/train/poutine/2395714.jpg,train,2395714.jpg,poutine
food101/train/poutine/476136.jpg,train,476136.jpg,poutine
food101/train/poutine/732457.jpg,train,732457.jpg,poutine
food101/train/poutine/3237222.jpg,train,3237222.jpg,poutine
food101/train/poutine/1439854.jpg,train,1439854.jpg,poutine
food101/train/poutine/1785422.jpg,train,1785422.jpg,poutine
food101/train/poutine/3137683.jpg,train,3137683.jpg,poutine
food101/train/poutine/3301976.jpg,train,3301976.jpg,poutine
food101/train/poutine/863682.jpg,train,863682.jpg,poutine
food101/train/poutine/2008001.jpg,train,2008001.jpg,poutine
food101/train/chocolate_cake/3670513.jpg,train,3670513.jpg,chocolate_cake
food101/train/chocolate_cake/1631581.jpg,train,1631581.jpg,chocolate_cake
food101/train/chocolate_cake/748953.jpg,train,748953.jpg,chocolate_cake
food101/train/chocolate_cake/90698.jpg,train,90698.jpg,chocolate_cake
food101/train/chocolate_cake/1756532.jpg,train,1756532.jpg,chocolate_cake
food101/train/chocolate_cake/3063945.jpg,train,3063945.jpg,chocolate_cake
food101/train/chocolate_cake/76075.jpg,train,76075.jpg,chocolate_cake
food101/train/chocolate_cake/482719.jpg,train,482719.jpg,chocolate_cake
food101/train/chocolate_cake/113740.jpg,train,113740.jpg,chocolate_cake
food101/train/chocolate_cake/2065399.jpg,train,2065399.jpg,chocolate_cake
food101/train/falafel/2977898.jpg,train,2977898.jpg,falafel
food101/train/falafel/713671.jpg,train,713671.jpg,falafel
food101/train/falafel/3368546.jpg,train,3368546.jpg,falafel
food101/train/falafel/2003322.jpg,train,2003322.jpg,falafel
food101/train/falafel/270203.jpg,train,270203.jpg,falafel
food101/train/falafel/2505830.jpg,train,2505830.jpg,falafel
food101/train/falafel/2987123.jpg,train,2987123.jpg,falafel
food101/train/falafel/1461412.jpg,train,1461412.jpg,falafel
food101/train/falafel/2437229.jpg,train,2437229.jpg,falafel
food101/train/falafel/2067918.jpg,train,2067918.jpg,falafel
food101/train/spaghetti_bolognese/667586.jpg,train,667586.jpg,spaghetti_bolognese
food101/train/spaghetti_bolognese/1481022.jpg,train,1481022.jpg,spaghetti_bolognese
food101/train/spaghetti_bolognese/2721156.jpg,train,2721156.jpg,spaghetti_bolognese
food101/train/spaghetti_bolognese/3522764.jpg,train,3522764.jpg,spaghetti_bolognese
food101/train/spaghetti_bolognese/2828529.jpg,train,2828529.jpg,spaghetti_bolognese
food101/train/spaghetti_bolognese/1856710.jpg,train,1856710.jpg,spaghetti_bolognese
food101/train/spaghetti_bolognese/2825536.jpg,train,2825536.jpg,spaghetti_bolognese
food101/train/spaghetti_bolognese/42694.jpg,train,42694.jpg,spaghetti_bolognese
food101/train/spaghetti_bolognese/3877845.jpg,train,3877845.jpg,spaghetti_bolognese
food101/train/spaghetti_bolognese/1680746.jpg,train,1680746.jpg,spaghetti_bolognese
food101/train/grilled_cheese_sandwich/1921506.jpg,train,1921506.jpg,grilled_cheese_sandwich
food101/train/grilled_cheese_sandwich/104013.jpg,train,104013.jpg,grilled_cheese_sandwich
food101/train/grilled_cheese_sandwich/2429919.jpg,train,2429919.jpg,grilled_cheese_sandwich
food101/train/grilled_cheese_sandwich/700080.jpg,train,700080.jpg,grilled_cheese_sandwich
food101/train/grilled_cheese_sandwich/449038.jpg,train,449038.jpg,grilled_cheese_sandwich
food101/train/grilled_cheese_sandwich/892974.jpg,train,892974.jpg,grilled_cheese_sandwich
food101/train/grilled_cheese_sandwich/131809.jpg,train,131809.jpg,grilled_cheese_sandwich
food101/train/grilled_cheese_sandwich/1345500.jpg,train,1345500.jpg,grilled_cheese_sandwich
food101/train/grilled_cheese_sandwich/845226.jpg,train,845226.jpg,grilled_cheese_sandwich
food101/train/grilled_cheese_sandwich/282717.jpg,train,282717.jpg,grilled_cheese_sandwich
food101/train/cannoli/1668164.jpg,train,1668164.jpg,cannoli
food101/train/cannoli/2848394.jpg,train,2848394.jpg,cannoli
food101/train/cannoli/807127.jpg,train,807127.jpg,cannoli
food101/train/cannoli/1117038.jpg,train,1117038.jpg,cannoli
food101/train/cannoli/262958.jpg,train,262958.jpg,cannoli
food101/train/cannoli/2228757.jpg,train,2228757.jpg,cannoli
food101/train/cannoli/1401441.jpg,train,1401441.jpg,cannoli
food101/train/cannoli/597291.jpg,train,597291.jpg,cannoli
food101/train/cannoli/800555.jpg,train,800555.jpg,cannoli
food101/train/cannoli/389189.jpg,train,389189.jpg,cannoli
food101/train/ramen/1824907.jpg,train,1824907.jpg,ramen
food101/train/ramen/279087.jpg,train,279087.jpg,ramen
food101/train/ramen/3102994.jpg,train,3102994.jpg,ramen
food101/train/ramen/22837.jpg,train,22837.jpg,ramen
food101/train/ramen/367810.jpg,train,367810.jpg,ramen
food101/train/ramen/1189579.jpg,train,1189579.jpg,ramen
food101/train/ramen/1548402.jpg,train,1548402.jpg,ramen
food101/train/ramen/3520891.jpg,train,3520891.jpg,ramen
food101/train/ramen/932129.jpg,train,932129.jpg,ramen
food101/train/ramen/2559933.jpg,train,2559933.jpg,ramen
food101/train/bibimbap/3429450.jpg,train,3429450.jpg,bibimbap
food101/train/bibimbap/2272662.jpg,train,2272662.jpg,bibimbap
food101/train/bibimbap/904655.jpg,train,904655.jpg,bibimbap
food101/train/bibimbap/3062963.jpg,train,3062963.jpg,bibimbap
food101/train/bibimbap/3348189.jpg,train,3348189.jpg,bibimbap
food101/train/bibimbap/1312917.jpg,train,1312917.jpg,bibimbap
food101/train/bibimbap/3042746.jpg,train,3042746.jpg,bibimbap
food101/train/bibimbap/2658263.jpg,train,2658263.jpg,bibimbap
food101/train/bibimbap/3241422.jpg,train,3241422.jpg,bibimbap
food101/train/bibimbap/3051510.jpg,train,3051510.jpg,bibimbap
food101/train/seaweed_salad/3594631.jpg,train,3594631.jpg,seaweed_salad
food101/train/seaweed_salad/533338.jpg,train,533338.jpg,seaweed_salad
food101/train/seaweed_salad/365579.jpg,train,365579.jpg,seaweed_salad
food101/train/seaweed_salad/2680397.jpg,train,2680397.jpg,seaweed_salad
food101/train/seaweed_salad/1413511.jpg,train,1413511.jpg,seaweed_salad
food101/train/seaweed_salad/2017051.jpg,train,2017051.jpg,seaweed_salad
food101/train/seaweed_salad/1519994.jpg,train,1519994.jpg,seaweed_salad
food101/train/seaweed_salad/2226713.jpg,train,2226713.jpg,seaweed_salad
food101/train/seaweed_salad/3799042.jpg,train,3799042.jpg,seaweed_salad
food101/train/seaweed_salad/1683342.jpg,train,1683342.jpg,seaweed_salad
food101/train/apple_pie/3297976.jpg,train,3297976.jpg,apple_pie
food101/train/apple_pie/1727085.jpg,train,1727085.jpg,apple_pie
food101/train/apple_pie/1154371.jpg,train,1154371.jpg,apple_pie
food101/train/apple_pie/1166116.jpg,train,1166116.jpg,apple_pie
food101/train/apple_pie/1756344.jpg,train,1756344.jpg,apple_pie
food101/train/apple_pie/3059110.jpg,train,3059110.jpg,apple_pie
food101/train/apple_pie/3718506.jpg,train,3718506.jpg,apple_pie
food101/train/apple_pie/1240585.jpg,train,1240585.jpg,apple_pie
food101/train/apple_pie/1622276.jpg,train,1622276.jpg,apple_pie
food101/train/apple_pie/551535.jpg,train,551535.jpg,apple_pie
food101/train/filet_mignon/893398.jpg,train,893398.jpg,filet_mignon
food101/train/filet_mignon/350857.jpg,train,350857.jpg,filet_mignon
food101/train/filet_mignon/3552730.jpg,train,3552730.jpg,filet_mignon
food101/train/filet_mignon/2128044.jpg,train,2128044.jpg,filet_mignon
food101/train/filet_mignon/2667794.jpg,train,2667794.jpg,filet_mignon
food101/train/filet_mignon/65816.jpg,train,65816.jpg,filet_mignon
food101/train/filet_mignon/1024601.jpg,train,1024601.jpg,filet_mignon
food101/train/filet_mignon/1861417.jpg,train,1861417.jpg,filet_mignon
food101/train/filet_mignon/1574928.jpg,train,1574928.jpg,filet_mignon
food101/train/filet_mignon/3822616.jpg,train,3822616.jpg,filet_mignon
food101/train/fried_calamari/424116.jpg,train,424116.jpg,fried_calamari
food101/train/fried_calamari/527416.jpg,train,527416.jpg,fried_calamari
food101/train/fried_calamari/1338725.jpg,train,1338725.jpg,fried_calamari
food101/train/fried_calamari/2583643.jpg,train,2583643.jpg,fried_calamari
food101/train/fried_calamari/1180176.jpg,train,1180176.jpg,fried_calamari
food101/train/fried_calamari/2215750.jpg,train,2215750.jpg,fried_calamari
food101/train/fried_calamari/115812.jpg,train,115812.jpg,fried_calamari
food101/train/fried_calamari/1320874.jpg,train,1320874.jpg,fried_calamari
food101/train/fried_calamari/969331.jpg,train,969331.jpg,fried_calamari
food101/train/fried_calamari/653814.jpg,train,653814.jpg,fried_calamari
food101/train/tacos/2122239.jpg,train,2122239.jpg,tacos
food101/train/tacos/1748832.jpg,train,1748832.jpg,tacos
food101/train/tacos/647567.jpg,train,647567.jpg,tacos
food101/train/tacos/1288391.jpg,train,1288391.jpg,tacos
food101/train/tacos/1860442.jpg,train,1860442.jpg,tacos
food101/train/tacos/476935.jpg,train,476935.jpg,tacos
food101/train/tacos/561322.jpg,train,561322.jpg,tacos
food101/train/tacos/462108.jpg,train,462108.jpg,tacos
food101/train/tacos/269451.jpg,train,269451.jpg,tacos
food101/train/tacos/397315.jpg,train,397315.jpg,tacos
food101/train/risotto/3624377.jpg,train,3624377.jpg,risotto
food101/train/risotto/358883.jpg,train,358883.jpg,risotto
food101/train/risotto/3531020.jpg,train,3531020.jpg,risotto
food101/train/risotto/921338.jpg,train,921338.jpg,risotto
food101/train/risotto/2558144.jpg,train,2558144.jpg,risotto
food101/train/risotto/696973.jpg,train,696973.jpg,risotto
food101/train/risotto/624892.jpg,train,624892.jpg,risotto
food101/train/risotto/1199712.jpg,train,1199712.jpg,risotto
food101/train/risotto/2726421.jpg,train,2726421.jpg,risotto
food101/train/risotto/2053719.jpg,train,2053719.jpg,risotto
food101/train/pulled_pork_sandwich/3549396.jpg,train,3549396.jpg,pulled_pork_sandwich
food101/train/pulled_pork_sandwich/1947870.jpg,train,1947870.jpg,pulled_pork_sandwich
food101/train/pulled_pork_sandwich/1782028.jpg,train,1782028.jpg,pulled_pork_sandwich
food101/train/pulled_pork_sandwich/1777732.jpg,train,1777732.jpg,pulled_pork_sandwich
food101/train/pulled_pork_sandwich/1969349.jpg,train,1969349.jpg,pulled_pork_sandwich
food101/train/pulled_pork_sandwich/1996675.jpg,train,1996675.jpg,pulled_pork_sandwich
food101/train/pulled_pork_sandwich/2680674.jpg,train,2680674.jpg,pulled_pork_sandwich
food101/train/pulled_pork_sandwich/16754.jpg,train,16754.jpg,pulled_pork_sandwich
food101/train/pulled_pork_sandwich/2650820.jpg,train,2650820.jpg,pulled_pork_sandwich
food101/train/pulled_pork_sandwich/967078.jpg,train,967078.jpg,pulled_pork_sandwich
food101/train/beignets/891332.jpg,train,891332.jpg,beignets
food101/train/beignets/2848553.jpg,train,2848553.jpg,beignets
food101/train/beignets/3520070.jpg,train,3520070.jpg,beignets
food101/train/beignets/1132594.jpg,train,1132594.jpg,beignets
food101/train/beignets/1944551.jpg,train,1944551.jpg,beignets
food101/train/beignets/2425519.jpg,train,2425519.jpg,beignets
food101/train/beignets/2615363.jpg,train,2615363.jpg,beignets
food101/train/beignets/634933.jpg,train,634933.jpg,beignets
food101/train/beignets/795001.jpg,train,795001.jpg,beignets
food101/train/beignets/18389.jpg,train,18389.jpg,beignets
food101/train/omelette/3620028.jpg,train,3620028.jpg,omelette
food101/train/omelette/2549981.jpg,train,2549981.jpg,omelette
food101/train/omelette/94651.jpg,train,94651.jpg,omelette
food101/train/omelette/1675150.jpg,train,1675150.jpg,omelette
food101/train/omelette/1180529.jpg,train,1180529.jpg,omelette
food101/train/omelette/2601272.jpg,train,2601272.jpg,omelette
food101/train/omelette/2641926.jpg,train,2641926.jpg,omelette
food101/train/omelette/2965986.jpg,train,2965986.jpg,omelette
food101/train/omelette/2367734.jpg,train,2367734.jpg,omelette
food101/train/omelette/411958.jpg,train,411958.jpg,omelette
food101/train/cheesecake/1543937.jpg,train,1543937.jpg,cheesecake
food101/train/cheesecake/2262620.jpg,train,2262620.jpg,cheesecake
food101/train/cheesecake/2984677.jpg,train,2984677.jpg,cheesecake
food101/train/cheesecake/3923783.jpg,train,3923783.jpg,cheesecake
food101/train/cheesecake/2750303.jpg,train,2750303.jpg,cheesecake
food101/train/cheesecake/2682488.jpg,train,2682488.jpg,cheesecake
food101/train/cheesecake/1416009.jpg,train,1416009.jpg,cheesecake
food101/train/cheesecake/2373144.jpg,train,2373144.jpg,cheesecake
food101/train/cheesecake/2733864.jpg,train,2733864.jpg,cheesecake
food101/train/cheesecake/3123131.jpg,train,3123131.jpg,cheesecake
food101/train/chicken_quesadilla/237776.jpg,train,237776.jpg,chicken_quesadilla
food101/train/chicken_quesadilla/664488.jpg,train,664488.jpg,chicken_quesadilla
food101/train/chicken_quesadilla/1590716.jpg,train,1590716.jpg,chicken_quesadilla
food101/train/chicken_quesadilla/2495519.jpg,train,2495519.jpg,chicken_quesadilla
food101/train/chicken_quesadilla/1932954.jpg,train,1932954.jpg,chicken_quesadilla
food101/train/chicken_quesadilla/1439766.jpg,train,1439766.jpg,chicken_quesadilla
food101/train/chicken_quesadilla/1582720.jpg,train,1582720.jpg,chicken_quesadilla
food101/train/chicken_quesadilla/3419690.jpg,train,3419690.jpg,chicken_quesadilla
food101/train/chicken_quesadilla/2542567.jpg,train,2542567.jpg,chicken_quesadilla
food101/train/chicken_quesadilla/1154560.jpg,train,1154560.jpg,chicken_quesadilla
food101/train/chicken_curry/1330735.jpg,train,1330735.jpg,chicken_curry
food101/train/chicken_curry/1584640.jpg,train,1584640.jpg,chicken_curry
food101/train/chicken_curry/332024.jpg,train,332024.jpg,chicken_curry
food101/train/chicken_curry/76073.jpg,train,76073.jpg,chicken_curry
food101/train/chicken_curry/1357352.jpg,train,1357352.jpg,chicken_curry
food101/train/chicken_curry/2396860.jpg,train,2396860.jpg,chicken_curry
food101/train/chicken_curry/254063.jpg,train,254063.jpg,chicken_curry
food101/train/chicken_curry/3286533.jpg,train,3286533.jpg,chicken_curry
food101/train/chicken_curry/3093235.jpg,train,3093235.jpg,chicken_curry
food101/train/chicken_curry/2094778.jpg,train,2094778.jpg,chicken_curry
food101/train/creme_brulee/2170962.jpg,train,2170962.jpg,creme_brulee
food101/train/creme_brulee/522554.jpg,train,522554.jpg,creme_brulee
food101/train/creme_brulee/1079454.jpg,train,1079454.jpg,creme_brulee
food101/train/creme_brulee/2299877.jpg,train,2299877.jpg,creme_brulee
food101/train/creme_brulee/3395676.jpg,train,3395676.jpg,creme_brulee
food101/train/creme_brulee/1015138.jpg,train,1015138.jpg,creme_brulee
food101/train/creme_brulee/2212480.jpg,train,2212480.jpg,creme_brulee
food101/train/creme_brulee/1176348.jpg,train,1176348.jpg,creme_brulee
food101/train/creme_brulee/1196858.jpg,train,1196858.jpg,creme_brulee
food101/train/creme_brulee/2481440.jpg,train,2481440.jpg,creme_brulee
food101/train/nachos/115799.jpg,train,115799.jpg,nachos
food101/train/nachos/699010.jpg,train,699010.jpg,nachos
food101/train/nachos/2223081.jpg,train,2223081.jpg,nachos
food101/train/nachos/3833527.jpg,train,3833527.jpg,nachos
food101/train/nachos/1014846.jpg,train,1014846.jpg,nachos
food101/train/nachos/3304521.jpg,train,3304521.jpg,nachos
food101/train/nachos/1963478.jpg,train,1963478.jpg,nachos
food101/train/nachos/1114939.jpg,train,1114939.jpg,nachos
food101/train/nachos/3338926.jpg,train,3338926.jpg,nachos
food101/train/nachos/197034.jpg,train,197034.jpg,nachos
food101/train/pho/2472453.jpg,train,2472453.jpg,pho
food101/train/pho/13725.jpg,train,13725.jpg,pho
food101/train/pho/1210856.jpg,train,1210856.jpg,pho
food101/train/pho/210009.jpg,train,210009.jpg,pho
food101/train/pho/3559597.jpg,train,3559597.jpg,pho
food101/train/pho/317654.jpg,train,317654.jpg,pho
food101/train/pho/1564774.jpg,train,1564774.jpg,pho
food101/train/pho/2806763.jpg,train,2806763.jpg,pho
food101/train/pho/1324193.jpg,train,1324193.jpg,pho
food101/train/pho/3124403.jpg,train,3124403.jpg,pho
food101/train/scallops/1487883.jpg,train,1487883.jpg,scallops
food101/train/scallops/2779678.jpg,train,2779678.jpg,scallops
food101/train/scallops/2203842.jpg,train,2203842.jpg,scallops
food101/train/scallops/3600490.jpg,train,3600490.jpg,scallops
food101/train/scallops/66443.jpg,train,66443.jpg,scallops
food101/train/scallops/872571.jpg,train,872571.jpg,scallops
food101/train/scallops/1169325.jpg,train,1169325.jpg,scallops
food101/train/scallops/1694607.jpg,train,1694607.jpg,scallops
food101/train/scallops/2562895.jpg,train,2562895.jpg,scallops
food101/train/scallops/1907355.jpg,train,1907355.jpg,scallops
food101/train/churros/958499.jpg,train,958499.jpg,churros
food101/train/churros/3507685.jpg,train,3507685.jpg,churros
food101/train/churros/494193.jpg,train,494193.jpg,churros
food101/train/churros/1847355.jpg,train,1847355.jpg,churros
food101/train/churros/1031729.jpg,train,1031729.jpg,churros
food101/train/churros/3224788.jpg,train,3224788.jpg,churros
food101/train/churros/3559560.jpg,train,3559560.jpg,churros
food101/train/churros/3103526.jpg,train,3103526.jpg,churros
food101/train/churros/1314081.jpg,train,1314081.jpg,churros
food101/train/churros/1062354.jpg,train,1062354.jpg,churros
food101/train/gyoza/871554.jpg,train,871554.jpg,gyoza
food101/train/gyoza/802554.jpg,train,802554.jpg,gyoza
food101/train/gyoza/2835788.jpg,train,2835788.jpg,gyoza
food101/train/gyoza/454080.jpg,train,454080.jpg,gyoza
food101/train/gyoza/483328.jpg,train,483328.jpg,gyoza
food101/train/gyoza/3416245.jpg,train,3416245.jpg,gyoza
food101/train/gyoza/622913.jpg,train,622913.jpg,gyoza
food101/train/gyoza/3642068.jpg,train,3642068.jpg,gyoza
food101/train/gyoza/543856.jpg,train,543856.jpg,gyoza
food101/train/gyoza/555523.jpg,train,555523.jpg,gyoza
food101/train/baklava/1045575.jpg,train,1045575.jpg,baklava
food101/train/baklava/3436596.jpg,train,3436596.jpg,baklava
food101/train/baklava/1610364.jpg,train,1610364.jpg,baklava
food101/train/baklava/3140803.jpg,train,3140803.jpg,baklava
food101/train/baklava/2209022.jpg,train,2209022.jpg,baklava
food101/train/baklava/201831.jpg,train,201831.jpg,baklava
food101/train/baklava/773194.jpg,train,773194.jpg,baklava
food101/train/baklava/2694926.jpg,train,2694926.jpg,baklava
food101/train/baklava/2230641.jpg,train,2230641.jpg,baklava
food101/train/baklava/2695500.jpg,train,2695500.jpg,baklava
food101/train/waffles/3604258.jpg,train,3604258.jpg,waffles
food101/train/waffles/1589594.jpg,train,1589594.jpg,waffles
food101/train/waffles/2569188.jpg,train,2569188.jpg,waffles
food101/train/waffles/948659.jpg,train,948659.jpg,waffles
food101/train/waffles/2008200.jpg,train,2008200.jpg,waffles
food101/train/waffles/1881067.jpg,train,1881067.jpg,waffles
food101/train/waffles/310725.jpg,train,310725.jpg,waffles
food101/train/waffles/2981788.jpg,train,2981788.jpg,waffles
food101/train/waffles/2520260.jpg,train,2520260.jpg,waffles
food101/train/waffles/1484347.jpg,train,1484347.jpg,waffles
food101/train/lobster_roll_sandwich/2215141.jpg,train,2215141.jpg,lobster_roll_sandwich
food101/train/lobster_roll_sandwich/635975.jpg,train,635975.jpg,lobster_roll_sandwich
food101/train/lobster_roll_sandwich/913802.jpg,train,913802.jpg,lobster_roll_sandwich
food101/train/lobster_roll_sandwich/297576.jpg,train,297576.jpg,lobster_roll_sandwich
food101/train/lobster_roll_sandwich/1910742.jpg,train,1910742.jpg,lobster_roll_sandwich
food101/train/lobster_roll_sandwich/482603.jpg,train,482603.jpg,lobster_roll_sandwich
food101/train/lobster_roll_sandwich/1659276.jpg,train,1659276.jpg,lobster_roll_sandwich
food101/train/lobster_roll_sandwich/1609601.jpg,train,1609601.jpg,lobster_roll_sandwich
food101/train/lobster_roll_sandwich/1664991.jpg,train,1664991.jpg,lobster_roll_sandwich
food101/train/lobster_roll_sandwich/652334.jpg,train,652334.jpg,lobster_roll_sandwich
food101/train/pad_thai/3537996.jpg,train,3537996.jpg,pad_thai
food101/train/pad_thai/3594077.jpg,train,3594077.jpg,pad_thai
food101/train/pad_thai/1538353.jpg,train,1538353.jpg,pad_thai
food101/train/pad_thai/3801176.jpg,train,3801176.jpg,pad_thai
food101/train/pad_thai/246905.jpg,train,246905.jpg,pad_thai
food101/train/pad_thai/2340527.jpg,train,2340527.jpg,pad_thai
food101/train/pad_thai/3130064.jpg,train,3130064.jpg,pad_thai
food101/train/pad_thai/1078165.jpg,train,1078165.jpg,pad_thai
food101/train/pad_thai/1570817.jpg,train,1570817.jpg,pad_thai
food101/train/pad_thai/457463.jpg,train,457463.jpg,pad_thai
food101/train/beef_carpaccio/619869.jpg,train,619869.jpg,beef_carpaccio
food101/train/beef_carpaccio/2434359.jpg,train,2434359.jpg,beef_carpaccio
food101/train/beef_carpaccio/1126471.jpg,train,1126471.jpg,beef_carpaccio
food101/train/beef_carpaccio/2232815.jpg,train,2232815.jpg,beef_carpaccio
food101/train/beef_carpaccio/1171646.jpg,train,1171646.jpg,beef_carpaccio
food101/train/beef_carpaccio/1150857.jpg,train,1150857.jpg,beef_carpaccio
food101/train/beef_carpaccio/398010.jpg,train,398010.jpg,beef_carpaccio
food101/train/beef_carpaccio/2143361.jpg,train,2143361.jpg,beef_carpaccio
food101/train/beef_carpaccio/1926900.jpg,train,1926900.jpg,beef_carpaccio
food101/train/beef_carpaccio/493226.jpg,train,493226.jpg,beef_carpaccio
food101/train/pancakes/444032.jpg,train,444032.jpg,pancakes
food101/train/pancakes/1453268.jpg,train,1453268.jpg,pancakes
food101/train/pancakes/2336321.jpg,train,2336321.jpg,pancakes
food101/train/pancakes/2208421.jpg,train,2208421.jpg,pancakes
food101/train/pancakes/3172275.jpg,train,3172275.jpg,pancakes
food101/train/pancakes/304202.jpg,train,304202.jpg,pancakes
food101/train/pancakes/1434368.jpg,train,1434368.jpg,pancakes
food101/train/pancakes/3316562.jpg,train,3316562.jpg,pancakes
food101/train/pancakes/651783.jpg,train,651783.jpg,pancakes
food101/train/pancakes/1304076.jpg,train,1304076.jpg,pancakes
food101/train/breakfast_burrito/2728224.jpg,train,2728224.jpg,breakfast_burrito
food101/train/breakfast_burrito/805595.jpg,train,805595.jpg,breakfast_burrito
food101/train/breakfast_burrito/1472724.jpg,train,1472724.jpg,breakfast_burrito
food101/train/breakfast_burrito/1000351.jpg,train,1000351.jpg,breakfast_burrito
food101/train/breakfast_burrito/1261038.jpg,train,1261038.jpg,breakfast_burrito
food101/train/breakfast_burrito/2653297.jpg,train,2653297.jpg,breakfast_burrito
food101/train/breakfast_burrito/2261947.jpg,train,2261947.jpg,breakfast_burrito
food101/train/breakfast_burrito/3508256.jpg,train,3508256.jpg,breakfast_burrito
food101/train/breakfast_burrito/3419474.jpg,train,3419474.jpg,breakfast_burrito
food101/train/breakfast_burrito/3638384.jpg,train,3638384.jpg,breakfast_burrito
food101/train/peking_duck/3103715.jpg,train,3103715.jpg,peking_duck
food101/train/peking_duck/2379097.jpg,train,2379097.jpg,peking_duck
food101/train/peking_duck/2825837.jpg,train,2825837.jpg,peking_duck
food101/train/peking_duck/3674193.jpg,train,3674193.jpg,peking_duck
food101/train/peking_duck/281742.jpg,train,281742.jpg,peking_duck
food101/train/peking_duck/2295689.jpg,train,2295689.jpg,peking_duck
food101/train/peking_duck/2824039.jpg,train,2824039.jpg,peking_duck
food101/train/peking_duck/633870.jpg,train,633870.jpg,peking_duck
food101/train/peking_duck/3104779.jpg,train,3104779.jpg,peking_duck
food101/train/peking_duck/213972.jpg,train,213972.jpg,peking_duck
food101/train/frozen_yogurt/3210541.jpg,train,3210541.jpg,frozen_yogurt
food101/train/frozen_yogurt/1113158.jpg,train,1113158.jpg,frozen_yogurt
food101/train/frozen_yogurt/1490913.jpg,train,1490913.jpg,frozen_yogurt
food101/train/frozen_yogurt/607499.jpg,train,607499.jpg,frozen_yogurt
food101/train/frozen_yogurt/2228031.jpg,train,2228031.jpg,frozen_yogurt
food101/train/frozen_yogurt/526605.jpg,train,526605.jpg,frozen_yogurt
food101/train/frozen_yogurt/3740393.jpg,train,3740393.jpg,frozen_yogurt
food101/train/frozen_yogurt/2935470.jpg,train,2935470.jpg,frozen_yogurt
food101/train/frozen_yogurt/2136241.jpg,train,2136241.jpg,frozen_yogurt
food101/train/frozen_yogurt/2757909.jpg,train,2757909.jpg,frozen_yogurt
food101/train/onion_rings/2707016.jpg,train,2707016.jpg,onion_rings
food101/train/onion_rings/1058914.jpg,train,1058914.jpg,onion_rings
food101/train/onion_rings/2365312.jpg,train,2365312.jpg,onion_rings
food101/train/onion_rings/772167.jpg,train,772167.jpg,onion_rings
food101/train/onion_rings/1902747.jpg,train,1902747.jpg,onion_rings
food101/train/onion_rings/2655662.jpg,train,2655662.jpg,onion_rings
food101/train/onion_rings/3817653.jpg,train,3817653.jpg,onion_rings
food101/train/onion_rings/211414.jpg,train,211414.jpg,onion_rings
food101/train/onion_rings/1037898.jpg,train,1037898.jpg,onion_rings
food101/train/onion_rings/2423992.jpg,train,2423992.jpg,onion_rings
food101/train/huevos_rancheros/2600135.jpg,train,2600135.jpg,huevos_rancheros
food101/train/huevos_rancheros/3575284.jpg,train,3575284.jpg,huevos_rancheros
food101/train/huevos_rancheros/129355.jpg,train,129355.jpg,huevos_rancheros
food101/train/huevos_rancheros/694461.jpg,train,694461.jpg,huevos_rancheros
food101/train/huevos_rancheros/87717.jpg,train,87717.jpg,huevos_rancheros
food101/train/huevos_rancheros/377485.jpg,train,377485.jpg,huevos_rancheros
food101/train/huevos_rancheros/1387155.jpg,train,1387155.jpg,huevos_rancheros
food101/train/huevos_rancheros/1165118.jpg,train,1165118.jpg,huevos_rancheros
food101/train/huevos_rancheros/1355579.jpg,train,1355579.jpg,huevos_rancheros
food101/train/huevos_rancheros/113570.jpg,train,113570.jpg,huevos_rancheros
food101/train/steak/1493169.jpg,train,1493169.jpg,steak
food101/train/steak/1623325.jpg,train,1623325.jpg,steak
food101/train/steak/2443168.jpg,train,2443168.jpg,steak
food101/train/steak/483788.jpg,train,483788.jpg,steak
food101/train/steak/285045.jpg,train,285045.jpg,steak
food101/train/steak/1403005.jpg,train,1403005.jpg,steak
food101/train/steak/149682.jpg,train,149682.jpg,steak
food101/train/steak/3640915.jpg,train,3640915.jpg,steak
food101/train/steak/1714605.jpg,train,1714605.jpg,steak
food101/train/steak/358042.jpg,train,358042.jpg,steak
food101/train/sushi/206288.jpg,train,206288.jpg,sushi
food101/train/sushi/578929.jpg,train,578929.jpg,sushi
food101/train/sushi/306238.jpg,train,306238.jpg,sushi
food101/train/sushi/522323.jpg,train,522323.jpg,sushi
food101/train/sushi/3309395.jpg,train,3309395.jpg,sushi
food101/train/sushi/2263321.jpg,train,2263321.jpg,sushi
food101/train/sushi/1184849.jpg,train,1184849.jpg,sushi
food101/train/sushi/3111722.jpg,train,3111722.jpg,sushi
food101/train/sushi/3228675.jpg,train,3228675.jpg,sushi
food101/train/sushi/1494740.jpg,train,1494740.jpg,sushi
food101/train/dumplings/998722.jpg,train,998722.jpg,dumplings
food101/train/dumplings/2717922.jpg,train,2717922.jpg,dumplings
food101/train/dumplings/2508737.jpg,train,2508737.jpg,dumplings
food101/train/dumplings/432.jpg,train,432.jpg,dumplings
food101/train/dumplings/1752109.jpg,train,1752109.jpg,dumplings
food101/train/dumplings/2974247.jpg,train,2974247.jpg,dumplings
food101/train/dumplings/1916787.jpg,train,1916787.jpg,dumplings
food101/train/dumplings/463068.jpg,train,463068.jpg,dumplings
food101/train/dumplings/3212216.jpg,train,3212216.jpg,dumplings
food101/train/dumplings/2638319.jpg,train,2638319.jpg,dumplings
food101/train/pizza/93961.jpg,train,93961.jpg,pizza
food101/train/pizza/1336882.jpg,train,1336882.jpg,pizza
food101/train/pizza/2135635.jpg,train,2135635.jpg,pizza
food101/train/pizza/877881.jpg,train,877881.jpg,pizza
food101/train/pizza/2757327.jpg,train,2757327.jpg,pizza
food101/train/pizza/917774.jpg,train,917774.jpg,pizza
food101/train/pizza/3550805.jpg,train,3550805.jpg,pizza
food101/train/pizza/670201.jpg,train,670201.jpg,pizza
food101/train/pizza/3803596.jpg,train,3803596.jpg,pizza
food101/train/pizza/625687.jpg,train,625687.jpg,pizza
food101/train/donuts/1571687.jpg,train,1571687.jpg,donuts
food101/train/donuts/521700.jpg,train,521700.jpg,donuts
food101/train/donuts/1300776.jpg,train,1300776.jpg,donuts
food101/train/donuts/718628.jpg,train,718628.jpg,donuts
food101/train/donuts/1610896.jpg,train,1610896.jpg,donuts
food101/train/donuts/2326358.jpg,train,2326358.jpg,donuts
food101/train/donuts/140847.jpg,train,140847.jpg,donuts
food101/train/donuts/1820146.jpg,train,1820146.jpg,donuts
food101/train/donuts/3594914.jpg,train,3594914.jpg,donuts
food101/train/donuts/1826469.jpg,train,1826469.jpg,donuts
food101/train/baby_back_ribs/2111577.jpg,train,2111577.jpg,baby_back_ribs
food101/train/baby_back_ribs/189367.jpg,train,189367.jpg,baby_back_ribs
food101/train/baby_back_ribs/1858401.jpg,train,1858401.jpg,baby_back_ribs
food101/train/baby_back_ribs/1459848.jpg,train,1459848.jpg,baby_back_ribs
food101/train/baby_back_ribs/65686.jpg,train,65686.jpg,baby_back_ribs
food101/train/baby_back_ribs/204183.jpg,train,204183.jpg,baby_back_ribs
food101/train/baby_back_ribs/2609854.jpg,train,2609854.jpg,baby_back_ribs
food101/train/baby_back_ribs/2148879.jpg,train,2148879.jpg,baby_back_ribs
food101/train/baby_back_ribs/1656357.jpg,train,1656357.jpg,baby_back_ribs
food101/train/baby_back_ribs/661995.jpg,train,661995.jpg,baby_back_ribs
food101/train/caprese_salad/1249613.jpg,train,1249613.jpg,caprese_salad
food101/train/caprese_salad/345868.jpg,train,345868.jpg,caprese_salad
food101/train/caprese_salad/2233296.jpg,train,2233296.jpg,caprese_salad
food101/train/caprese_salad/96812.jpg,train,96812.jpg,caprese_salad
food101/train/caprese_salad/1133178.jpg,train,1133178.jpg,caprese_salad
food101/train/caprese_salad/3015814.jpg,train,3015814.jpg,caprese_salad
food101/train/caprese_salad/576207.jpg,train,576207.jpg,caprese_salad
food101/train/caprese_salad/561930.jpg,train,561930.jpg,caprese_salad
food101/train/caprese_salad/2373341.jpg,train,2373341.jpg,caprese_salad
food101/train/caprese_salad/2970654.jpg,train,2970654.jpg,caprese_salad
food101/train/fish_and_chips/3923746.jpg,train,3923746.jpg,fish_and_chips
food101/train/fish_and_chips/3387911.jpg,train,3387911.jpg,fish_and_chips
food101/train/fish_and_chips/1001881.jpg,train,1001881.jpg,fish_and_chips
food101/train/fish_and_chips/2802331.jpg,train,2802331.jpg,fish_and_chips
food101/train/fish_and_chips/3647175.jpg,train,3647175.jpg,fish_and_chips
food101/train/fish_and_chips/3655543.jpg,train,3655543.jpg,fish_and_chips
food101/train/fish_and_chips/3471132.jpg,train,3471132.jpg,fish_and_chips
food101/train/fish_and_chips/703028.jpg,train,703028.jpg,fish_and_chips
food101/train/fish_and_chips/2153245.jpg,train,2153245.jpg,fish_and_chips
food101/train/fish_and_chips/359280.jpg,train,359280.jpg,fish_and_chips
food101/train/hot_dog/651101.jpg,train,651101.jpg,hot_dog
food101/train/hot_dog/1621091.jpg,train,1621091.jpg,hot_dog
food101/train/hot_dog/1265953.jpg,train,1265953.jpg,hot_dog
food101/train/hot_dog/1768910.jpg,train,1768910.jpg,hot_dog
food101/train/hot_dog/840832.jpg,train,840832.jpg,hot_dog
food101/train/hot_dog/1929087.jpg,train,1929087.jpg,hot_dog
food101/train/hot_dog/1745939.jpg,train,1745939.jpg,hot_dog
food101/train/hot_dog/1539806.jpg,train,1539806.jpg,hot_dog
food101/train/hot_dog/295307.jpg,train,295307.jpg,hot_dog
food101/train/hot_dog/3726741.jpg,train,3726741.jpg,hot_dog
food101/train/gnocchi/1851284.jpg,train,1851284.jpg,gnocchi
food101/train/gnocchi/3290246.jpg,train,3290246.jpg,gnocchi
food101/train/gnocchi/1499389.jpg,train,1499389.jpg,gnocchi
food101/train/gnocchi/100680.jpg,train,100680.jpg,gnocchi
food101/train/gnocchi/3244730.jpg,train,3244730.jpg,gnocchi
food101/train/gnocchi/3217720.jpg,train,3217720.jpg,gnocchi
food101/train/gnocchi/482737.jpg,train,482737.jpg,gnocchi
food101/train/gnocchi/1524016.jpg,train,1524016.jpg,gnocchi
food101/train/gnocchi/226995.jpg,train,226995.jpg,gnocchi
food101/train/gnocchi/269681.jpg,train,269681.jpg,gnocchi
food101/train/spring_rolls/2346215.jpg,train,2346215.jpg,spring_rolls
food101/train/spring_rolls/775086.jpg,train,775086.jpg,spring_rolls
food101/train/spring_rolls/12863.jpg,train,12863.jpg,spring_rolls
food101/train/spring_rolls/1746810.jpg,train,1746810.jpg,spring_rolls
food101/train/spring_rolls/2581939.jpg,train,2581939.jpg,spring_rolls
food101/train/spring_rolls/2571564.jpg,train,2571564.jpg,spring_rolls
food101/train/spring_rolls/1720626.jpg,train,1720626.jpg,spring_rolls
food101/train/spring_rolls/365140.jpg,train,365140.jpg,spring_rolls
food101/train/spring_rolls/2617371.jpg,train,2617371.jpg,spring_rolls
food101/train/spring_rolls/688513.jpg,train,688513.jpg,spring_rolls
food101/train/greek_salad/3354804.jpg,train,3354804.jpg,greek_salad
food101/train/greek_salad/1065085.jpg,train,1065085.jpg,greek_salad
food101/train/greek_salad/3647649.jpg,train,3647649.jpg,greek_salad
food101/train/greek_salad/1484730.jpg,train,1484730.jpg,greek_salad
food101/train/greek_salad/1010520.jpg,train,1010520.jpg,greek_salad
food101/train/greek_salad/593799.jpg,train,593799.jpg,greek_salad
food101/train/greek_salad/1986791.jpg,train,1986791.jpg,greek_salad
food101/train/greek_salad/111757.jpg,train,111757.jpg,greek_salad
food101/train/greek_salad/3440518.jpg,train,3440518.jpg,greek_salad
food101/train/greek_salad/1439308.jpg,train,1439308.jpg,greek_salad
food101/train/eggs_benedict/163788.jpg,train,163788.jpg,eggs_benedict
food101/train/eggs_benedict/1072180.jpg,train,1072180.jpg,eggs_benedict
food101/train/eggs_benedict/1429834.jpg,train,1429834.jpg,eggs_benedict
food101/train/eggs_benedict/898681.jpg,train,898681.jpg,eggs_benedict
food101/train/eggs_benedict/729698.jpg,train,729698.jpg,eggs_benedict
food101/train/eggs_benedict/2128102.jpg,train,2128102.jpg,eggs_benedict
food101/train/eggs_benedict/1181276.jpg,train,1181276.jpg,eggs_benedict
food101/train/eggs_benedict/3300877.jpg,train,3300877.jpg,eggs_benedict
food101/train/eggs_benedict/1944985.jpg,train,1944985.jpg,eggs_benedict
food101/train/eggs_benedict/2142685.jpg,train,2142685.jpg,eggs_benedict
food101/train/deviled_eggs/1276492.jpg,train,1276492.jpg,deviled_eggs
food101/train/deviled_eggs/912253.jpg,train,912253.jpg,deviled_eggs
food101/train/deviled_eggs/589191.jpg,train,589191.jpg,deviled_eggs
food101/train/deviled_eggs/2888172.jpg,train,2888172.jpg,deviled_eggs
food101/train/deviled_eggs/881070.jpg,train,881070.jpg,deviled_eggs
food101/train/deviled_eggs/1683378.jpg,train,1683378.jpg,deviled_eggs
food101/train/deviled_eggs/2117354.jpg,train,2117354.jpg,deviled_eggs
food101/train/deviled_eggs/2250591.jpg,train,2250591.jpg,deviled_eggs
food101/train/deviled_eggs/1906282.jpg,train,1906282.jpg,deviled_eggs
food101/train/deviled_eggs/2210350.jpg,train,2210350.jpg,deviled_eggs
food101/train/club_sandwich/2060278.jpg,train,2060278.jpg,club_sandwich
food101/train/club_sandwich/3221622.jpg,train,3221622.jpg,club_sandwich
food101/train/club_sandwich/1234812.jpg,train,1234812.jpg,club_sandwich
food101/train/club_sandwich/3899387.jpg,train,3899387.jpg,club_sandwich
food101/train/club_sandwich/1071224.jpg,train,1071224.jpg,club_sandwich
food101/train/club_sandwich/2874045.jpg,train,2874045.jpg,club_sandwich
food101/train/club_sandwich/977604.jpg,train,977604.jpg,club_sandwich
food101/train/club_sandwich/3470998.jpg,train,3470998.jpg,club_sandwich
food101/train/club_sandwich/3739055.jpg,train,3739055.jpg,club_sandwich
food101/train/club_sandwich/168547.jpg,train,168547.jpg,club_sandwich
food101/train/french_fries/3417062.jpg,train,3417062.jpg,french_fries
food101/train/french_fries/2385210.jpg,train,2385210.jpg,french_fries
food101/train/french_fries/2350833.jpg,train,2350833.jpg,french_fries
food101/train/french_fries/3375984.jpg,train,3375984.jpg,french_fries
food101/train/french_fries/720270.jpg,train,720270.jpg,french_fries
food101/train/french_fries/557390.jpg,train,557390.jpg,french_fries
food101/train/french_fries/2680169.jpg,train,2680169.jpg,french_fries
food101/train/french_fries/1078563.jpg,train,1078563.jpg,french_fries
food101/train/french_fries/547396.jpg,train,547396.jpg,french_fries
food101/train/french_fries/2592571.jpg,train,2592571.jpg,french_fries
food101/train/foie_gras/3479343.jpg,train,3479343.jpg,foie_gras
food101/train/foie_gras/1883875.jpg,train,1883875.jpg,foie_gras
food101/train/foie_gras/1147774.jpg,train,1147774.jpg,foie_gras
food101/train/foie_gras/1349122.jpg,train,1349122.jpg,foie_gras
food101/train/foie_gras/1227465.jpg,train,1227465.jpg,foie_gras
food101/train/foie_gras/3388041.jpg,train,3388041.jpg,foie_gras
food101/train/foie_gras/302175.jpg,train,302175.jpg,foie_gras
food101/train/foie_gras/364678.jpg,train,364678.jpg,foie_gras
food101/train/foie_gras/3027767.jpg,train,3027767.jpg,foie_gras
food101/train/foie_gras/267148.jpg,train,267148.jpg,foie_gras
food101/train/shrimp_and_grits/2316711.jpg,train,2316711.jpg,shrimp_and_grits
food101/train/shrimp_and_grits/217366.jpg,train,217366.jpg,shrimp_and_grits
food101/train/shrimp_and_grits/2127614.jpg,train,2127614.jpg,shrimp_and_grits
food101/train/shrimp_and_grits/806511.jpg,train,806511.jpg,shrimp_and_grits
food101/train/shrimp_and_grits/3042461.jpg,train,3042461.jpg,shrimp_and_grits
food101/train/shrimp_and_grits/3017811.jpg,train,3017811.jpg,shrimp_and_grits
food101/train/shrimp_and_grits/2401930.jpg,train,2401930.jpg,shrimp_and_grits
food101/train/shrimp_and_grits/1103988.jpg,train,1103988.jpg,shrimp_and_grits
food101/train/shrimp_and_grits/2507635.jpg,train,2507635.jpg,shrimp_and_grits
food101/train/shrimp_and_grits/2233714.jpg,train,2233714.jpg,shrimp_and_grits
food101/train/macarons/2301396.jpg,train,2301396.jpg,macarons
food101/train/macarons/2119233.jpg,train,2119233.jpg,macarons
food101/train/macarons/3173221.jpg,train,3173221.jpg,macarons
food101/train/macarons/397941.jpg,train,397941.jpg,macarons
food101/train/macarons/759866.jpg,train,759866.jpg,macarons
food101/train/macarons/1898546.jpg,train,1898546.jpg,macarons
food101/train/macarons/850285.jpg,train,850285.jpg,macarons
food101/train/macarons/144432.jpg,train,144432.jpg,macarons
food101/train/macarons/1853288.jpg,train,1853288.jpg,macarons
food101/train/macarons/2896004.jpg,train,2896004.jpg,macarons
food101/train/panna_cotta/3221739.jpg,train,3221739.jpg,panna_cotta
food101/train/panna_cotta/1760611.jpg,train,1760611.jpg,panna_cotta
food101/train/panna_cotta/1962357.jpg,train,1962357.jpg,panna_cotta
food101/train/panna_cotta/1245265.jpg,train,1245265.jpg,panna_cotta
food101/train/panna_cotta/1956418.jpg,train,1956418.jpg,panna_cotta
food101/train/panna_cotta/2879663.jpg,train,2879663.jpg,panna_cotta
food101/train/panna_cotta/2105313.jpg,train,2105313.jpg,panna_cotta
food101/train/panna_cotta/3756847.jpg,train,3756847.jpg,panna_cotta
food101/train/panna_cotta/1057117.jpg,train,1057117.jpg,panna_cotta
food101/train/panna_cotta/445507.jpg,train,445507.jpg,panna_cotta
food101/train/escargots/3196246.jpg,train,3196246.jpg,escargots
food101/train/escargots/607249.jpg,train,607249.jpg,escargots
food101/train/escargots/3141241.jpg,train,3141241.jpg,escargots
food101/train/escargots/1348372.jpg,train,1348372.jpg,escargots
food101/train/escargots/3136676.jpg,train,3136676.jpg,escargots
food101/train/escargots/3168418.jpg,train,3168418.jpg,escargots
food101/train/escargots/983819.jpg,train,983819.jpg,escargots
food101/train/escargots/1864035.jpg,train,1864035.jpg,escargots
food101/train/escargots/1623414.jpg,train,1623414.jpg,escargots
food101/train/escargots/1104561.jpg,train,1104561.jpg,escargots
food101/train/hummus/1948950.jpg,train,1948950.jpg,hummus
food101/train/hummus/1374837.jpg,train,1374837.jpg,hummus
food101/train/hummus/283096.jpg,train,283096.jpg,hummus
food101/train/hummus/1717213.jpg,train,1717213.jpg,hummus
food101/train/hummus/1713939.jpg,train,1713939.jpg,hummus
food101/train/hummus/1000605.jpg,train,1000605.jpg,hummus
food101/train/hummus/31230.jpg,train,31230.jpg,hummus
food101/train/hummus/2517571.jpg,train,2517571.jpg,hummus
food101/train/hummus/1631336.jpg,train,1631336.jpg,hummus
food101/train/hummus/1387558.jpg,train,1387558.jpg,hummus
food101/train/lobster_bisque/829123.jpg,train,829123.jpg,lobster_bisque
food101/train/lobster_bisque/2502475.jpg,train,2502475.jpg,lobster_bisque
food101/train/lobster_bisque/3484299.jpg,train,3484299.jpg,lobster_bisque
food101/train/lobster_bisque/245094.jpg,train,245094.jpg,lobster_bisque
food101/train/lobster_bisque/1217850.jpg,train,1217850.jpg,lobster_bisque
food101/train/lobster_bisque/775713.jpg,train,775713.jpg,lobster_bisque
food101/train/lobster_bisque/2294502.jpg,train,2294502.jpg,lobster_bisque
food101/train/lobster_bisque/697896.jpg,train,697896.jpg,lobster_bisque
food101/train/lobster_bisque/1590673.jpg,train,1590673.jpg,lobster_bisque
food101/train/lobster_bisque/1722613.jpg,train,1722613.jpg,lobster_bisque
food101/train/carrot_cake/489894.jpg,train,489894.jpg,carrot_cake
food101/train/carrot_cake/2084962.jpg,train,2084962.jpg,carrot_cake
food101/train/carrot_cake/3020642.jpg,train,3020642.jpg,carrot_cake
food101/train/carrot_cake/2403711.jpg,train,2403711.jpg,carrot_cake
food101/train/carrot_cake/2071895.jpg,train,2071895.jpg,carrot_cake
food101/train/carrot_cake/2635821.jpg,train,2635821.jpg,carrot_cake
food101/train/carrot_cake/455973.jpg,train,455973.jpg,carrot_cake
food101/train/carrot_cake/2433465.jpg,train,2433465.jpg,carrot_cake
food101/train/carrot_cake/1811206.jpg,train,1811206.jpg,carrot_cake
food101/train/carrot_cake/1419682.jpg,train,1419682.jpg,carrot_cake
food101/train/ceviche/450882.jpg,train,450882.jpg,ceviche
food101/train/ceviche/3374377.jpg,train,3374377.jpg,ceviche
food101/train/ceviche/2618197.jpg,train,2618197.jpg,ceviche
food101/train/ceviche/322563.jpg,train,322563.jpg,ceviche
food101/train/ceviche/267752.jpg,train,267752.jpg,ceviche
food101/train/ceviche/939703.jpg,train,939703.jpg,ceviche
food101/train/ceviche/3349570.jpg,train,3349570.jpg,ceviche
food101/train/ceviche/3270827.jpg,train,3270827.jpg,ceviche
food101/train/ceviche/1788969.jpg,train,1788969.jpg,ceviche
food101/train/ceviche/533513.jpg,train,533513.jpg,ceviche
food101/train/takoyaki/1025445.jpg,train,1025445.jpg,takoyaki
food101/train/takoyaki/1878406.jpg,train,1878406.jpg,takoyaki
food101/train/takoyaki/165735.jpg,train,165735.jpg,takoyaki
food101/train/takoyaki/185554.jpg,train,185554.jpg,takoyaki
food101/train/takoyaki/2328385.jpg,train,2328385.jpg,takoyaki
food101/train/takoyaki/3457919.jpg,train,3457919.jpg,takoyaki
food101/train/takoyaki/3686302.jpg,train,3686302.jpg,takoyaki
food101/train/takoyaki/2413525.jpg,train,2413525.jpg,takoyaki
food101/train/takoyaki/1967057.jpg,train,1967057.jpg,takoyaki
food101/train/takoyaki/3725131.jpg,train,3725131.jpg,takoyaki
food101/train/miso_soup/3661829.jpg,train,3661829.jpg,miso_soup
food101/train/miso_soup/939178.jpg,train,939178.jpg,miso_soup
food101/train/miso_soup/3735496.jpg,train,3735496.jpg,miso_soup
food101/train/miso_soup/2519809.jpg,train,2519809.jpg,miso_soup
food101/train/miso_soup/1114358.jpg,train,1114358.jpg,miso_soup
food101/train/miso_soup/1668810.jpg,train,1668810.jpg,miso_soup
food101/train/miso_soup/1760013.jpg,train,1760013.jpg,miso_soup
food101/train/miso_soup/2548449.jpg,train,2548449.jpg,miso_soup
food101/train/miso_soup/1334607.jpg,train,1334607.jpg,miso_soup
food101/train/miso_soup/2887111.jpg,train,2887111.jpg,miso_soup
food101/train/ice_cream/2693460.jpg,train,2693460.jpg,ice_cream
food101/train/ice_cream/3642492.jpg,train,3642492.jpg,ice_cream
food101/train/ice_cream/2043407.jpg,train,2043407.jpg,ice_cream
food101/train/ice_cream/587022.jpg,train,587022.jpg,ice_cream
food101/train/ice_cream/864405.jpg,train,864405.jpg,ice_cream
food101/train/ice_cream/534544.jpg,train,534544.jpg,ice_cream
food101/train/ice_cream/1895732.jpg,train,1895732.jpg,ice_cream
food101/train/ice_cream/2725227.jpg,train,2725227.jpg,ice_cream
food101/train/ice_cream/2642553.jpg,train,2642553.jpg,ice_cream
food101/train/ice_cream/900935.jpg,train,900935.jpg,ice_cream
food101/train/oysters/2458109.jpg,train,2458109.jpg,oysters
food101/train/oysters/3008208.jpg,train,3008208.jpg,oysters
food101/train/oysters/3686841.jpg,train,3686841.jpg,oysters
food101/train/oysters/105575.jpg,train,105575.jpg,oysters
food101/train/oysters/578509.jpg,train,578509.jpg,oysters
food101/train/oysters/279582.jpg,train,279582.jpg,oysters
food101/train/oysters/1378247.jpg,train,1378247.jpg,oysters
food101/train/oysters/3218297.jpg,train,3218297.jpg,oysters
food101/train/oysters/3798362.jpg,train,3798362.jpg,oysters
food101/train/oysters/1669328.jpg,train,1669328.jpg,oysters
food101/train/lasagna/3827224.jpg,train,3827224.jpg,lasagna
food101/train/lasagna/2654161.jpg,train,2654161.jpg,lasagna
food101/train/lasagna/3044068.jpg,train,3044068.jpg,lasagna
food101/train/lasagna/3264809.jpg,train,3264809.jpg,lasagna
food101/train/lasagna/1887343.jpg,train,1887343.jpg,lasagna
food101/train/lasagna/1821896.jpg,train,1821896.jpg,lasagna
food101/train/lasagna/3731267.jpg,train,3731267.jpg,lasagna
food101/train/lasagna/774730.jpg,train,774730.jpg,lasagna
food101/train/lasagna/2936736.jpg,train,2936736.jpg,lasagna
food101/train/lasagna/2321656.jpg,train,2321656.jpg,lasagna
food101/train/clam_chowder/1329416.jpg,train,1329416.jpg,clam_chowder
food101/train/clam_chowder/1966936.jpg,train,1966936.jpg,clam_chowder
food101/train/clam_chowder/678699.jpg,train,678699.jpg,clam_chowder
food101/train/clam_chowder/1691004.jpg,train,1691004.jpg,clam_chowder
food101/train/clam_chowder/1613241.jpg,train,1613241.jpg,clam_chowder
food101/train/clam_chowder/1915041.jpg,train,1915041.jpg,clam_chowder
food101/train/clam_chowder/1378531.jpg,train,1378531.jpg,clam_chowder
food101/train/clam_chowder/3781509.jpg,train,3781509.jpg,clam_chowder
food101/train/clam_chowder/3098650.jpg,train,3098650.jpg,clam_chowder
food101/train/clam_chowder/2503184.jpg,train,2503184.jpg,clam_chowder
food101/train/hot_and_sour_soup/372783.jpg,train,372783.jpg,hot_and_sour_soup
food101/train/hot_and_sour_soup/209469.jpg,train,209469.jpg,hot_and_sour_soup
food101/train/hot_and_sour_soup/1655487.jpg,train,1655487.jpg,hot_and_sour_soup
food101/train/hot_and_sour_soup/923172.jpg,train,923172.jpg,hot_and_sour_soup
food101/train/hot_and_sour_soup/100938.jpg,train,100938.jpg,hot_and_sour_soup
food101/train/hot_and_sour_soup/2761786.jpg,train,2761786.jpg,hot_and_sour_soup
food101/train/hot_and_sour_soup/2339587.jpg,train,2339587.jpg,hot_and_sour_soup
food101/train/hot_and_sour_soup/3286656.jpg,train,3286656.jpg,hot_and_sour_soup
food101/train/hot_and_sour_soup/3244913.jpg,train,3244913.jpg,hot_and_sour_soup
food101/train/hot_and_sour_soup/3124040.jpg,train,3124040.jpg,hot_and_sour_soup
food101/train/bread_pudding/1793754.jpg,train,1793754.jpg,bread_pudding
food101/train/bread_pudding/1196712.jpg,train,1196712.jpg,bread_pudding
food101/train/bread_pudding/3902250.jpg,train,3902250.jpg,bread_pudding
food101/train/bread_pudding/197762.jpg,train,197762.jpg,bread_pudding
food101/train/bread_pudding/1719701.jpg,train,1719701.jpg,bread_pudding
food101/train/bread_pudding/1126952.jpg,train,1126952.jpg,bread_pudding
food101/train/bread_pudding/3317553.jpg,train,3317553.jpg,bread_pudding
food101/train/bread_pudding/1922463.jpg,train,1922463.jpg,bread_pudding
food101/train/bread_pudding/1040137.jpg,train,1040137.jpg,bread_pudding
food101/train/bread_pudding/25797.jpg,train,25797.jpg,bread_pudding
food101/train/tuna_tartare/3529932.jpg,train,3529932.jpg,tuna_tartare
food101/train/tuna_tartare/3710734.jpg,train,3710734.jpg,tuna_tartare
food101/train/tuna_tartare/2394632.jpg,train,2394632.jpg,tuna_tartare
food101/train/tuna_tartare/1724630.jpg,train,1724630.jpg,tuna_tartare
food101/train/tuna_tartare/1319225.jpg,train,1319225.jpg,tuna_tartare
food101/train/tuna_tartare/3603460.jpg,train,3603460.jpg,tuna_tartare
food101/train/tuna_tartare/2938497.jpg,train,2938497.jpg,tuna_tartare
food101/train/tuna_tartare/3747957.jpg,train,3747957.jpg,tuna_tartare
food101/train/tuna_tartare/991077.jpg,train,991077.jpg,tuna_tartare
food101/train/tuna_tartare/2659304.jpg,train,2659304.jpg,tuna_tartare
food101/train/mussels/28167.jpg,train,28167.jpg,mussels
food101/train/mussels/2261658.jpg,train,2261658.jpg,mussels
food101/train/mussels/678394.jpg,train,678394.jpg,mussels
food101/train/mussels/2510658.jpg,train,2510658.jpg,mussels
food101/train/mussels/1983047.jpg,train,1983047.jpg,mussels
food101/train/mussels/3586757.jpg,train,3586757.jpg,mussels
food101/train/mussels/2020667.jpg,train,2020667.jpg,mussels
food101/train/mussels/1887675.jpg,train,1887675.jpg,mussels
food101/train/mussels/1655994.jpg,train,1655994.jpg,mussels
food101/train/mussels/1588897.jpg,train,1588897.jpg,mussels
food101/train/cheese_plate/2362845.jpg,train,2362845.jpg,cheese_plate
food101/train/cheese_plate/12089.jpg,train,12089.jpg,cheese_plate
food101/train/cheese_plate/1328720.jpg,train,1328720.jpg,cheese_plate
food101/train/cheese_plate/2906703.jpg,train,2906703.jpg,cheese_plate
food101/train/cheese_plate/102849.jpg,train,102849.jpg,cheese_plate
food101/train/cheese_plate/2199692.jpg,train,2199692.jpg,cheese_plate
food101/train/cheese_plate/3119696.jpg,train,3119696.jpg,cheese_plate
food101/train/cheese_plate/1508372.jpg,train,1508372.jpg,cheese_plate
food101/train/cheese_plate/1575325.jpg,train,1575325.jpg,cheese_plate
food101/train/cheese_plate/388572.jpg,train,388572.jpg,cheese_plate
food101/train/guacamole/984681.jpg,train,984681.jpg,guacamole
food101/train/guacamole/13916.jpg,train,13916.jpg,guacamole
food101/train/guacamole/2068728.jpg,train,2068728.jpg,guacamole
food101/train/guacamole/821253.jpg,train,821253.jpg,guacamole
food101/train/guacamole/2176908.jpg,train,2176908.jpg,guacamole
food101/train/guacamole/3761656.jpg,train,3761656.jpg,guacamole
food101/train/guacamole/2309058.jpg,train,2309058.jpg,guacamole
food101/train/guacamole/198099.jpg,train,198099.jpg,guacamole
food101/train/guacamole/1096107.jpg,train,1096107.jpg,guacamole
food101/train/guacamole/3680848.jpg,train,3680848.jpg,guacamole
food101/train/chicken_wings/2988008.jpg,train,2988008.jpg,chicken_wings
food101/train/chicken_wings/66914.jpg,train,66914.jpg,chicken_wings
food101/train/chicken_wings/980117.jpg,train,980117.jpg,chicken_wings
food101/train/chicken_wings/2790738.jpg,train,2790738.jpg,chicken_wings
food101/train/chicken_wings/2218752.jpg,train,2218752.jpg,chicken_wings
food101/train/chicken_wings/2372173.jpg,train,2372173.jpg,chicken_wings
food101/train/chicken_wings/76700.jpg,train,76700.jpg,chicken_wings
food101/train/chicken_wings/2482357.jpg,train,2482357.jpg,chicken_wings
food101/train/chicken_wings/844695.jpg,train,844695.jpg,chicken_wings
food101/train/chicken_wings/1203218.jpg,train,1203218.jpg,chicken_wings
food101/train/fried_rice/2333820.jpg,train,2333820.jpg,fried_rice
food101/train/fried_rice/3816808.jpg,train,3816808.jpg,fried_rice
food101/train/fried_rice/3794680.jpg,train,3794680.jpg,fried_rice
food101/train/fried_rice/59958.jpg,train,59958.jpg,fried_rice
food101/train/fried_rice/2588659.jpg,train,2588659.jpg,fried_rice
food101/train/fried_rice/1191151.jpg,train,1191151.jpg,fried_rice
food101/train/fried_rice/2499116.jpg,train,2499116.jpg,fried_rice
food101/train/fried_rice/3528567.jpg,train,3528567.jpg,fried_rice
food101/train/fried_rice/2562549.jpg,train,2562549.jpg,fried_rice
food101/train/fried_rice/1757775.jpg,train,1757775.jpg,fried_rice
food101/train/croque_madame/629639.jpg,train,629639.jpg,croque_madame
food101/train/croque_madame/3130845.jpg,train,3130845.jpg,croque_madame
food101/train/croque_madame/1287265.jpg,train,1287265.jpg,croque_madame
food101/train/croque_madame/2613495.jpg,train,2613495.jpg,croque_madame
food101/train/croque_madame/1827719.jpg,train,1827719.jpg,croque_madame
food101/train/croque_madame/15896.jpg,train,15896.jpg,croque_madame
food101/train/croque_madame/1495753.jpg,train,1495753.jpg,croque_madame
food101/train/croque_madame/863071.jpg,train,863071.jpg,croque_madame
food101/train/croque_madame/2391623.jpg,train,2391623.jpg,croque_madame
food101/train/croque_madame/1805977.jpg,train,1805977.jpg,croque_madame
food101/train/edamame/906477.jpg,train,906477.jpg,edamame
food101/train/edamame/279354.jpg,train,279354.jpg,edamame
food101/train/edamame/1000653.jpg,train,1000653.jpg,edamame
food101/train/edamame/2545860.jpg,train,2545860.jpg,edamame
food101/train/edamame/3156052.jpg,train,3156052.jpg,edamame
food101/train/edamame/2597469.jpg,train,2597469.jpg,edamame
food101/train/edamame/2267692.jpg,train,2267692.jpg,edamame
food101/train/edamame/102048.jpg,train,102048.jpg,edamame
food101/train/edamame/3313851.jpg,train,3313851.jpg,edamame
food101/train/edamame/2421894.jpg,train,2421894.jpg,edamame
food101/train/grilled_salmon/543513.jpg,train,543513.jpg,grilled_salmon
food101/train/grilled_salmon/496915.jpg,train,496915.jpg,grilled_salmon
food101/train/grilled_salmon/2262009.jpg,train,2262009.jpg,grilled_salmon
food101/train/grilled_salmon/3694936.jpg,train,3694936.jpg,grilled_salmon
food101/train/grilled_salmon/1724374.jpg,train,1724374.jpg,grilled_salmon
food101/train/grilled_salmon/1927138.jpg,train,1927138.jpg,grilled_salmon
food101/train/grilled_salmon/474462.jpg,train,474462.jpg,grilled_salmon
food101/train/grilled_salmon/2558618.jpg,train,2558618.jpg,grilled_salmon
food101/train/grilled_salmon/3289745.jpg,train,3289745.jpg,grilled_salmon
food101/train/grilled_salmon/3428058.jpg,train,3428058.jpg,grilled_salmon
food101/train/cup_cakes/1553450.jpg,train,1553450.jpg,cup_cakes
food101/train/cup_cakes/805684.jpg,train,805684.jpg,cup_cakes
food101/train/cup_cakes/3785226.jpg,train,3785226.jpg,cup_cakes
food101/train/cup_cakes/3025419.jpg,train,3025419.jpg,cup_cakes
food101/train/cup_cakes/1134258.jpg,train,1134258.jpg,cup_cakes
food101/train/cup_cakes/3685707.jpg,train,3685707.jpg,cup_cakes
food101/train/cup_cakes/3259582.jpg,train,3259582.jpg,cup_cakes
food101/train/cup_cakes/2433557.jpg,train,2433557.jpg,cup_cakes
food101/train/cup_cakes/3128329.jpg,train,3128329.jpg,cup_cakes
food101/train/cup_cakes/2003872.jpg,train,2003872.jpg,cup_cakes
food101/train/beet_salad/1437459.jpg,train,1437459.jpg,beet_salad
food101/train/beet_salad/2855446.jpg,train,2855446.jpg,beet_salad
food101/train/beet_salad/1794578.jpg,train,1794578.jpg,beet_salad
food101/train/beet_salad/2843747.jpg,train,2843747.jpg,beet_salad
food101/train/beet_salad/1334577.jpg,train,1334577.jpg,beet_salad
food101/train/beet_salad/3285000.jpg,train,3285000.jpg,beet_salad
food101/train/beet_salad/1746516.jpg,train,1746516.jpg,beet_salad
food101/train/beet_salad/1279787.jpg,train,1279787.jpg,beet_salad
food101/train/beet_salad/2569098.jpg,train,2569098.jpg,beet_salad
food101/train/beet_salad/3104065.jpg,train,3104065.jpg,beet_salad
food101/train/crab_cakes/400217.jpg,train,400217.jpg,crab_cakes
food101/train/crab_cakes/630692.jpg,train,630692.jpg,crab_cakes
food101/train/crab_cakes/937161.jpg,train,937161.jpg,crab_cakes
food101/train/crab_cakes/20845.jpg,train,20845.jpg,crab_cakes
food101/train/crab_cakes/3363495.jpg,train,3363495.jpg,crab_cakes
food101/train/crab_cakes/3030758.jpg,train,3030758.jpg,crab_cakes
food101/train/crab_cakes/918052.jpg,train,918052.jpg,crab_cakes
food101/train/crab_cakes/797937.jpg,train,797937.jpg,crab_cakes
food101/train/crab_cakes/1027428.jpg,train,1027428.jpg,crab_cakes
food101/train/crab_cakes/476739.jpg,train,476739.jpg,crab_cakes
food101/train/spaghetti_carbonara/2670298.jpg,train,2670298.jpg,spaghetti_carbonara
food101/train/spaghetti_carbonara/3036002.jpg,train,3036002.jpg,spaghetti_carbonara
food101/train/spaghetti_carbonara/3571179.jpg,train,3571179.jpg,spaghetti_carbonara
food101/train/spaghetti_carbonara/1774120.jpg,train,1774120.jpg,spaghetti_carbonara
food101/train/spaghetti_carbonara/445573.jpg,train,445573.jpg,spaghetti_carbonara
food101/train/spaghetti_carbonara/1605830.jpg,train,1605830.jpg,spaghetti_carbonara
food101/train/spaghetti_carbonara/591701.jpg,train,591701.jpg,spaghetti_carbonara
food101/train/spaghetti_carbonara/1135824.jpg,train,1135824.jpg,spaghetti_carbonara
food101/train/spaghetti_carbonara/2361840.jpg,train,2361840.jpg,spaghetti_carbonara
food101/train/spaghetti_carbonara/48471.jpg,train,48471.jpg,spaghetti_carbonara
food101/train/garlic_bread/316207.jpg,train,316207.jpg,garlic_bread
food101/train/garlic_bread/3714310.jpg,train,3714310.jpg,garlic_bread
food101/train/garlic_bread/2916512.jpg,train,2916512.jpg,garlic_bread
food101/train/garlic_bread/1571434.jpg,train,1571434.jpg,garlic_bread
food101/train/garlic_bread/3325838.jpg,train,3325838.jpg,garlic_bread
food101/train/garlic_bread/269620.jpg,train,269620.jpg,garlic_bread
food101/train/garlic_bread/951345.jpg,train,951345.jpg,garlic_bread
food101/train/garlic_bread/2303865.jpg,train,2303865.jpg,garlic_bread
food101/train/garlic_bread/2010140.jpg,train,2010140.jpg,garlic_bread
food101/train/garlic_bread/1152290.jpg,train,1152290.jpg,garlic_bread
food101/train/samosa/319175.jpg,train,319175.jpg,samosa
food101/train/samosa/3463753.jpg,train,3463753.jpg,samosa
food101/train/samosa/2047445.jpg,train,2047445.jpg,samosa
food101/train/samosa/1976281.jpg,train,1976281.jpg,samosa
food101/train/samosa/3490405.jpg,train,3490405.jpg,samosa
food101/train/samosa/1751695.jpg,train,1751695.jpg,samosa
food101/train/samosa/522057.jpg,train,522057.jpg,samosa
food101/train/samosa/1016500.jpg,train,1016500.jpg,samosa
food101/train/samosa/3132346.jpg,train,3132346.jpg,samosa
food101/train/samosa/328693.jpg,train,328693.jpg,samosa
food101/train/caesar_salad/3248599.jpg,train,3248599.jpg,caesar_salad
food101/train/caesar_salad/3233214.jpg,train,3233214.jpg,caesar_salad
food101/train/caesar_salad/87058.jpg,train,87058.jpg,caesar_salad
food101/train/caesar_salad/1618389.jpg,train,1618389.jpg,caesar_salad
food101/train/caesar_salad/2229672.jpg,train,2229672.jpg,caesar_salad
food101/train/caesar_salad/241376.jpg,train,241376.jpg,caesar_salad
food101/train/caesar_salad/2879665.jpg,train,2879665.jpg,caesar_salad
food101/train/caesar_salad/2162116.jpg,train,2162116.jpg,caesar_salad
food101/train/caesar_salad/3656589.jpg,train,3656589.jpg,caesar_salad
food101/train/caesar_salad/2293182.jpg,train,2293182.jpg,caesar_salad
food101/train/french_onion_soup/3353092.jpg,train,3353092.jpg,french_onion_soup
food101/train/french_onion_soup/2459261.jpg,train,2459261.jpg,french_onion_soup
food101/train/french_onion_soup/2382110.jpg,train,2382110.jpg,french_onion_soup
food101/train/french_onion_soup/562192.jpg,train,562192.jpg,french_onion_soup
food101/train/french_onion_soup/992689.jpg,train,992689.jpg,french_onion_soup
food101/train/french_onion_soup/1103647.jpg,train,1103647.jpg,french_onion_soup
food101/train/french_onion_soup/1216003.jpg,train,1216003.jpg,french_onion_soup
food101/train/french_onion_soup/1239912.jpg,train,1239912.jpg,french_onion_soup
food101/train/french_onion_soup/2937413.jpg,train,2937413.jpg,french_onion_soup
food101/train/french_onion_soup/2740521.jpg,train,2740521.jpg,french_onion_soup
food101/train/paella/3777118.jpg,train,3777118.jpg,paella
food101/train/paella/900666.jpg,train,900666.jpg,paella
food101/train/paella/953172.jpg,train,953172.jpg,paella
food101/train/paella/1653221.jpg,train,1653221.jpg,paella
food101/train/paella/358328.jpg,train,358328.jpg,paella
food101/train/paella/2861257.jpg,train,2861257.jpg,paella
food101/train/paella/2634824.jpg,train,2634824.jpg,paella
food101/train/paella/3518263.jpg,train,3518263.jpg,paella
food101/train/paella/783357.jpg,train,783357.jpg,paella
food101/train/paella/2104336.jpg,train,2104336.jpg,paella
food101/train/chocolate_mousse/343137.jpg,train,343137.jpg,chocolate_mousse
food101/train/chocolate_mousse/1725807.jpg,train,1725807.jpg,chocolate_mousse
food101/train/chocolate_mousse/3858993.jpg,train,3858993.jpg,chocolate_mousse
food101/train/chocolate_mousse/1487667.jpg,train,1487667.jpg,chocolate_mousse
food101/train/chocolate_mousse/3311797.jpg,train,3311797.jpg,chocolate_mousse
food101/train/chocolate_mousse/3313120.jpg,train,3313120.jpg,chocolate_mousse
food101/train/chocolate_mousse/510071.jpg,train,510071.jpg,chocolate_mousse
food101/train/chocolate_mousse/440243.jpg,train,440243.jpg,chocolate_mousse
food101/train/chocolate_mousse/2555104.jpg,train,2555104.jpg,chocolate_mousse
food101/train/chocolate_mousse/3022603.jpg,train,3022603.jpg,chocolate_mousse
food101/train/prime_rib/117138.jpg,train,117138.jpg,prime_rib
food101/train/prime_rib/2368970.jpg,train,2368970.jpg,prime_rib
food101/train/prime_rib/175871.jpg,train,175871.jpg,prime_rib
food101/train/prime_rib/450397.jpg,train,450397.jpg,prime_rib
food101/train/prime_rib/1184211.jpg,train,1184211.jpg,prime_rib
food101/train/prime_rib/92331.jpg,train,92331.jpg,prime_rib
food101/train/prime_rib/65685.jpg,train,65685.jpg,prime_rib
food101/train/prime_rib/1436266.jpg,train,1436266.jpg,prime_rib
food101/train/prime_rib/3390746.jpg,train,3390746.jpg,prime_rib
food101/train/prime_rib/931925.jpg,train,931925.jpg,prime_rib
food101/train/ravioli/888531.jpg,train,888531.jpg,ravioli
food101/train/ravioli/3424786.jpg,train,3424786.jpg,ravioli
food101/train/ravioli/2942380.jpg,train,2942380.jpg,ravioli
food101/train/ravioli/3609325.jpg,train,3609325.jpg,ravioli
food101/train/ravioli/1247891.jpg,train,1247891.jpg,ravioli
food101/train/ravioli/2696430.jpg,train,2696430.jpg,ravioli
food101/train/ravioli/3132924.jpg,train,3132924.jpg,ravioli
food101/train/ravioli/3704564.jpg,train,3704564.jpg,ravioli
food101/train/ravioli/1243358.jpg,train,1243358.jpg,ravioli
food101/train/ravioli/2069203.jpg,train,2069203.jpg,ravioli
food101/train/pork_chop/1673901.jpg,train,1673901.jpg,pork_chop
food101/train/pork_chop/1144608.jpg,train,1144608.jpg,pork_chop
food101/train/pork_chop/2987975.jpg,train,2987975.jpg,pork_chop
food101/train/pork_chop/403074.jpg,train,403074.jpg,pork_chop
food101/train/pork_chop/2123880.jpg,train,2123880.jpg,pork_chop
food101/train/pork_chop/2665265.jpg,train,2665265.jpg,pork_chop
food101/train/pork_chop/2417578.jpg,train,2417578.jpg,pork_chop
food101/train/pork_chop/2584278.jpg,train,2584278.jpg,pork_chop
food101/train/pork_chop/3234.jpg,train,3234.jpg,pork_chop
food101/train/pork_chop/3700908.jpg,train,3700908.jpg,pork_chop
food101/train/macaroni_and_cheese/3342262.jpg,train,3342262.jpg,macaroni_and_cheese
food101/train/macaroni_and_cheese/2490143.jpg,train,2490143.jpg,macaroni_and_cheese
food101/train/macaroni_and_cheese/2632060.jpg,train,2632060.jpg,macaroni_and_cheese
food101/train/macaroni_and_cheese/3355051.jpg,train,3355051.jpg,macaroni_and_cheese
food101/train/macaroni_and_cheese/339873.jpg,train,339873.jpg,macaroni_and_cheese
food101/train/macaroni_and_cheese/124044.jpg,train,124044.jpg,macaroni_and_cheese
food101/train/macaroni_and_cheese/1877804.jpg,train,1877804.jpg,macaroni_and_cheese
food101/train/macaroni_and_cheese/1299880.jpg,train,1299880.jpg,macaroni_and_cheese
food101/train/macaroni_and_cheese/2169627.jpg,train,2169627.jpg,macaroni_and_cheese
food101/train/macaroni_and_cheese/2314275.jpg,train,2314275.jpg,macaroni_and_cheese
food101/train/strawberry_shortcake/1660760.jpg,train,1660760.jpg,strawberry_shortcake
food101/train/strawberry_shortcake/1230451.jpg,train,1230451.jpg,strawberry_shortcake
food101/train/strawberry_shortcake/513157.jpg,train,513157.jpg,strawberry_shortcake
food101/train/strawberry_shortcake/2634272.jpg,train,2634272.jpg,strawberry_shortcake
food101/train/strawberry_shortcake/3689037.jpg,train,3689037.jpg,strawberry_shortcake
food101/train/strawberry_shortcake/3248454.jpg,train,3248454.jpg,strawberry_shortcake
food101/train/strawberry_shortcake/3609824.jpg,train,3609824.jpg,strawberry_shortcake
food101/train/strawberry_shortcake/1827689.jpg,train,1827689.jpg,strawberry_shortcake
food101/train/strawberry_shortcake/1805988.jpg,train,1805988.jpg,strawberry_shortcake
food101/train/strawberry_shortcake/368063.jpg,train,368063.jpg,strawberry_shortcake
