cub200/train/005.Crested_Auklet/Crested_Auklet_0044_1825.jpg,train,Crested_Auklet_0044_1825.jpg,005.Crested_Auklet
cub200/train/005.Crested_Auklet/Crested_Auklet_0059_794929.jpg,train,Crested_Auklet_0059_794929.jpg,005.Crested_Auklet
cub200/train/062.Herring_Gull/Herring_Gull_0047_46218.jpg,train,Herring_Gull_0047_46218.jpg,062.Herring_Gull
cub200/train/062.Herring_Gull/Herring_Gull_0082_47540.jpg,train,Herring_Gull_0082_47540.jpg,062.Herring_Gull
cub200/train/120.Fox_Sparrow/Fox_Sparrow_0116_115311.jpg,train,Fox_Sparrow_0116_115311.jpg,120.Fox_Sparrow
cub200/train/120.Fox_Sparrow/Fox_Sparrow_0058_114789.jpg,train,Fox_Sparrow_0058_114789.jpg,120.Fox_Sparrow
cub200/train/198.Rock_Wren/Rock_Wren_0065_188995.jpg,train,Rock_Wren_0065_188995.jpg,198.Rock_Wren
cub200/train/198.Rock_Wren/Rock_Wren_0024_188942.jpg,train,Rock_Wren_0024_188942.jpg,198.Rock_Wren
cub200/train/037.Acadian_Flycatcher/Acadian_Flycatcher_0072_795603.jpg,train,Acadian_Flycatcher_0072_795603.jpg,037.Acadian_Flycatcher
cub200/train/037.Acadian_Flycatcher/Acadian_Flycatcher_0053_795620.jpg,train,Acadian_Flycatcher_0053_795620.jpg,037.Acadian_Flycatcher
cub200/train/020.Yellow_breasted_Chat/Yellow_Breasted_Chat_0011_21820.jpg,train,Yellow_Breasted_Chat_0011_21820.jpg,020.Yellow_breasted_Chat
cub200/train/020.Yellow_breasted_Chat/Yellow_Breasted_Chat_0005_21828.jpg,train,Yellow_Breasted_Chat_0005_21828.jpg,020.Yellow_breasted_Chat
cub200/train/121.Grasshopper_Sparrow/Grasshopper_Sparrow_0121_116110.jpg,train,Grasshopper_Sparrow_0121_116110.jpg,121.Grasshopper_Sparrow
cub200/train/121.Grasshopper_Sparrow/Grasshopper_Sparrow_0098_116027.jpg,train,Grasshopper_Sparrow_0098_116027.jpg,121.Grasshopper_Sparrow
cub200/train/026.Bronzed_Cowbird/Bronzed_Cowbird_0026_796229.jpg,train,Bronzed_Cowbird_0026_796229.jpg,026.Bronzed_Cowbird
cub200/train/026.Bronzed_Cowbird/Bronzed_Cowbird_0013_24131.jpg,train,Bronzed_Cowbird_0013_24131.jpg,026.Bronzed_Cowbird
cub200/train/025.Pelagic_Cormorant/Pelagic_Cormorant_0100_23894.jpg,train,Pelagic_Cormorant_0100_23894.jpg,025.Pelagic_Cormorant
cub200/train/025.Pelagic_Cormorant/Pelagic_Cormorant_0096_23775.jpg,train,Pelagic_Cormorant_0096_23775.jpg,025.Pelagic_Cormorant
cub200/train/071.Long_tailed_Jaeger/Long_Tailed_Jaeger_0037_797099.jpg,train,Long_Tailed_Jaeger_0037_797099.jpg,071.Long_tailed_Jaeger
cub200/train/071.Long_tailed_Jaeger/Long_Tailed_Jaeger_0009_797070.jpg,train,Long_Tailed_Jaeger_0009_797070.jpg,071.Long_tailed_Jaeger
cub200/train/085.Horned_Lark/Horned_Lark_0076_73931.jpg,train,Horned_Lark_0076_73931.jpg,085.Horned_Lark
cub200/train/085.Horned_Lark/Horned_Lark_0134_74689.jpg,train,Horned_Lark_0134_74689.jpg,085.Horned_Lark
cub200/train/172.Nashville_Warbler/Nashville_Warbler_0015_167429.jpg,train,Nashville_Warbler_0015_167429.jpg,172.Nashville_Warbler
cub200/train/172.Nashville_Warbler/Nashville_Warbler_0068_167266.jpg,train,Nashville_Warbler_0068_167266.jpg,172.Nashville_Warbler
cub200/train/014.Indigo_Bunting/Indigo_Bunting_0036_13716.jpg,train,Indigo_Bunting_0036_13716.jpg,014.Indigo_Bunting
cub200/train/014.Indigo_Bunting/Indigo_Bunting_0055_13473.jpg,train,Indigo_Bunting_0055_13473.jpg,014.Indigo_Bunting
cub200/train/111.Loggerhead_Shrike/Loggerhead_Shrike_0088_105663.jpg,train,Loggerhead_Shrike_0088_105663.jpg,111.Loggerhead_Shrike
cub200/train/111.Loggerhead_Shrike/Loggerhead_Shrike_0091_105076.jpg,train,Loggerhead_Shrike_0091_105076.jpg,111.Loggerhead_Shrike
cub200/train/086.Pacific_Loon/Pacific_Loon_0062_75587.jpg,train,Pacific_Loon_0062_75587.jpg,086.Pacific_Loon
cub200/train/086.Pacific_Loon/Pacific_Loon_0039_75517.jpg,train,Pacific_Loon_0039_75517.jpg,086.Pacific_Loon
cub200/train/011.Rusty_Blackbird/Rusty_Blackbird_0101_6880.jpg,train,Rusty_Blackbird_0101_6880.jpg,011.Rusty_Blackbird
cub200/train/011.Rusty_Blackbird/Rusty_Blackbird_0005_6771.jpg,train,Rusty_Blackbird_0005_6771.jpg,011.Rusty_Blackbird
cub200/train/012.Yellow_headed_Blackbird/Yellow_Headed_Blackbird_0020_8549.jpg,train,Yellow_Headed_Blackbird_0020_8549.jpg,012.Yellow_headed_Blackbird
cub200/train/012.Yellow_headed_Blackbird/Yellow_Headed_Blackbird_0100_8407.jpg,train,Yellow_Headed_Blackbird_0100_8407.jpg,012.Yellow_headed_Blackbird
cub200/train/191.Red_headed_Woodpecker/Red_Headed_Woodpecker_0034_182806.jpg,train,Red_Headed_Woodpecker_0034_182806.jpg,191.Red_headed_Woodpecker
cub200/train/191.Red_headed_Woodpecker/Red_Headed_Woodpecker_0058_183086.jpg,train,Red_Headed_Woodpecker_0058_183086.jpg,191.Red_headed_Woodpecker
cub200/train/070.Green_Violetear/Green_Violetear_0025_795692.jpg,train,Green_Violetear_0025_795692.jpg,070.Green_Violetear
cub200/train/070.Green_Violetear/Green_Violetear_0048_60789.jpg,train,Green_Violetear_0048_60789.jpg,070.Green_Violetear
cub200/train/063.Ivory_Gull/Ivory_Gull_0037_49068.jpg,train,Ivory_Gull_0037_49068.jpg,063.Ivory_Gull
cub200/train/063.Ivory_Gull/Ivory_Gull_0114_49535.jpg,train,Ivory_Gull_0114_49535.jpg,063.Ivory_Gull
cub200/train/156.White_eyed_Vireo/White_Eyed_Vireo_0102_159420.jpg,train,White_Eyed_Vireo_0102_159420.jpg,156.White_eyed_Vireo
cub200/train/156.White_eyed_Vireo/White_Eyed_Vireo_0129_158823.jpg,train,White_Eyed_Vireo_0129_158823.jpg,156.White_eyed_Vireo
cub200/train/008.Rhinoceros_Auklet/Rhinoceros_Auklet_0012_2161.jpg,train,Rhinoceros_Auklet_0012_2161.jpg,008.Rhinoceros_Auklet
cub200/train/008.Rhinoceros_Auklet/Rhinoceros_Auklet_0029_797520.jpg,train,Rhinoceros_Auklet_0029_797520.jpg,008.Rhinoceros_Auklet
cub200/train/175.Pine_Warbler/Pine_Warbler_0129_171035.jpg,train,Pine_Warbler_0129_171035.jpg,175.Pine_Warbler
cub200/train/175.Pine_Warbler/Pine_Warbler_0050_159442.jpg,train,Pine_Warbler_0050_159442.jpg,175.Pine_Warbler
cub200/train/200.Common_Yellowthroat/Common_Yellowthroat_0106_190989.jpg,train,Common_Yellowthroat_0106_190989.jpg,200.Common_Yellowthroat
cub200/train/200.Common_Yellowthroat/Common_Yellowthroat_0029_190403.jpg,train,Common_Yellowthroat_0029_190403.jpg,200.Common_Yellowthroat
cub200/train/141.Artic_Tern/Artic_Tern_0082_142127.jpg,train,Artic_Tern_0082_142127.jpg,141.Artic_Tern
cub200/train/141.Artic_Tern/Artic_Tern_0037_141141.jpg,train,Artic_Tern_0037_141141.jpg,141.Artic_Tern
cub200/train/146.Forsters_Tern/Forsters_Tern_0100_151774.jpg,train,Forsters_Tern_0100_151774.jpg,146.Forsters_Tern
cub200/train/146.Forsters_Tern/Forsters_Tern_0099_152529.jpg,train,Forsters_Tern_0099_152529.jpg,146.Forsters_Tern
cub200/train/076.Dark_eyed_Junco/Dark_Eyed_Junco_0103_67700.jpg,train,Dark_Eyed_Junco_0103_67700.jpg,076.Dark_eyed_Junco
cub200/train/076.Dark_eyed_Junco/Dark_Eyed_Junco_0058_68784.jpg,train,Dark_Eyed_Junco_0058_68784.jpg,076.Dark_eyed_Junco
cub200/train/188.Pileated_Woodpecker/Pileated_Woodpecker_0060_180443.jpg,train,Pileated_Woodpecker_0060_180443.jpg,188.Pileated_Woodpecker
cub200/train/188.Pileated_Woodpecker/Pileated_Woodpecker_0121_180026.jpg,train,Pileated_Woodpecker_0121_180026.jpg,188.Pileated_Woodpecker
cub200/train/022.Chuck_will_Widow/Chuck_Will_Widow_0042_796983.jpg,train,Chuck_Will_Widow_0042_796983.jpg,022.Chuck_will_Widow
cub200/train/022.Chuck_will_Widow/Chuck_Will_Widow_0043_797001.jpg,train,Chuck_Will_Widow_0043_797001.jpg,022.Chuck_will_Widow
cub200/train/036.Northern_Flicker/Northern_Flicker_0045_28805.jpg,train,Northern_Flicker_0045_28805.jpg,036.Northern_Flicker
cub200/train/036.Northern_Flicker/Northern_Flicker_0054_28913.jpg,train,Northern_Flicker_0054_28913.jpg,036.Northern_Flicker
cub200/train/112.Great_Grey_Shrike/Great_Grey_Shrike_0091_797054.jpg,train,Great_Grey_Shrike_0091_797054.jpg,112.Great_Grey_Shrike
cub200/train/112.Great_Grey_Shrike/Great_Grey_Shrike_0092_797048.jpg,train,Great_Grey_Shrike_0092_797048.jpg,112.Great_Grey_Shrike
cub200/train/016.Painted_Bunting/Painted_Bunting_0006_15249.jpg,train,Painted_Bunting_0006_15249.jpg,016.Painted_Bunting
cub200/train/016.Painted_Bunting/Painted_Bunting_0028_15205.jpg,train,Painted_Bunting_0028_15205.jpg,016.Painted_Bunting
cub200/train/174.Palm_Warbler/Palm_Warbler_0106_169571.jpg,train,Palm_Warbler_0106_169571.jpg,174.Palm_Warbler
cub200/train/174.Palm_Warbler/Palm_Warbler_0093_170499.jpg,train,Palm_Warbler_0093_170499.jpg,174.Palm_Warbler
cub200/train/126.Nelson_Sharp_tailed_Sparrow/Nelson_Sharp_Tailed_Sparrow_0055_796937.jpg,train,Nelson_Sharp_Tailed_Sparrow_0055_796937.jpg,126.Nelson_Sharp_tailed_Sparrow
cub200/train/126.Nelson_Sharp_tailed_Sparrow/Nelson_Sharp_Tailed_Sparrow_0002_796908.jpg,train,Nelson_Sharp_Tailed_Sparrow_0002_796908.jpg,126.Nelson_Sharp_tailed_Sparrow
cub200/train/140.Summer_Tanager/Summer_Tanager_0064_140725.jpg,train,Summer_Tanager_0064_140725.jpg,140.Summer_Tanager
cub200/train/140.Summer_Tanager/Summer_Tanager_0097_140042.jpg,train,Summer_Tanager_0097_140042.jpg,140.Summer_Tanager
cub200/train/182.Yellow_Warbler/Yellow_Warbler_0047_176456.jpg,train,Yellow_Warbler_0047_176456.jpg,182.Yellow_Warbler
cub200/train/182.Yellow_Warbler/Yellow_Warbler_0096_176586.jpg,train,Yellow_Warbler_0096_176586.jpg,182.Yellow_Warbler
cub200/train/138.Tree_Swallow/Tree_Swallow_0115_135832.jpg,train,Tree_Swallow_0115_135832.jpg,138.Tree_Swallow
cub200/train/138.Tree_Swallow/Tree_Swallow_0103_137272.jpg,train,Tree_Swallow_0103_137272.jpg,138.Tree_Swallow
cub200/train/128.Seaside_Sparrow/Seaside_Sparrow_0059_120794.jpg,train,Seaside_Sparrow_0059_120794.jpg,128.Seaside_Sparrow
cub200/train/128.Seaside_Sparrow/Seaside_Sparrow_0031_796526.jpg,train,Seaside_Sparrow_0031_796526.jpg,128.Seaside_Sparrow
cub200/train/183.Northern_Waterthrush/Northern_Waterthrush_0060_177213.jpg,train,Northern_Waterthrush_0060_177213.jpg,183.Northern_Waterthrush
cub200/train/183.Northern_Waterthrush/Northern_Waterthrush_0075_176978.jpg,train,Northern_Waterthrush_0075_176978.jpg,183.Northern_Waterthrush
cub200/train/069.Rufous_Hummingbird/Rufous_Hummingbird_0111_59408.jpg,train,Rufous_Hummingbird_0111_59408.jpg,069.Rufous_Hummingbird
cub200/train/069.Rufous_Hummingbird/Rufous_Hummingbird_0124_58465.jpg,train,Rufous_Hummingbird_0124_58465.jpg,069.Rufous_Hummingbird
cub200/train/013.Bobolink/Bobolink_0076_11093.jpg,train,Bobolink_0076_11093.jpg,013.Bobolink
cub200/train/013.Bobolink/Bobolink_0049_9540.jpg,train,Bobolink_0049_9540.jpg,013.Bobolink
cub200/train/075.Green_Jay/Green_Jay_0051_65662.jpg,train,Green_Jay_0051_65662.jpg,075.Green_Jay
cub200/train/075.Green_Jay/Green_Jay_0098_65857.jpg,train,Green_Jay_0098_65857.jpg,075.Green_Jay
cub200/train/099.Ovenbird/Ovenbird_0033_93232.jpg,train,Ovenbird_0033_93232.jpg,099.Ovenbird
cub200/train/099.Ovenbird/Ovenbird_0112_93018.jpg,train,Ovenbird_0112_93018.jpg,099.Ovenbird
cub200/train/002.Laysan_Albatross/Laysan_Albatross_0093_725.jpg,train,Laysan_Albatross_0093_725.jpg,002.Laysan_Albatross
cub200/train/002.Laysan_Albatross/Laysan_Albatross_0065_809.jpg,train,Laysan_Albatross_0065_809.jpg,002.Laysan_Albatross
cub200/train/159.Black_and_white_Warbler/Black_And_White_Warbler_0090_160247.jpg,train,Black_And_White_Warbler_0090_160247.jpg,159.Black_and_white_Warbler
cub200/train/159.Black_and_white_Warbler/Black_And_White_Warbler_0098_160808.jpg,train,Black_And_White_Warbler_0098_160808.jpg,159.Black_and_white_Warbler
cub200/train/007.Parakeet_Auklet/Parakeet_Auklet_0038_795935.jpg,train,Parakeet_Auklet_0038_795935.jpg,007.Parakeet_Auklet
cub200/train/007.Parakeet_Auklet/Parakeet_Auklet_0032_795986.jpg,train,Parakeet_Auklet_0032_795986.jpg,007.Parakeet_Auklet
cub200/train/158.Bay_breasted_Warbler/Bay_Breasted_Warbler_0031_797137.jpg,train,Bay_Breasted_Warbler_0031_797137.jpg,158.Bay_breasted_Warbler
cub200/train/158.Bay_breasted_Warbler/Bay_Breasted_Warbler_0049_797129.jpg,train,Bay_Breasted_Warbler_0049_797129.jpg,158.Bay_breasted_Warbler
cub200/train/118.House_Sparrow/House_Sparrow_0005_111967.jpg,train,House_Sparrow_0005_111967.jpg,118.House_Sparrow
cub200/train/118.House_Sparrow/House_Sparrow_0041_112706.jpg,train,House_Sparrow_0041_112706.jpg,118.House_Sparrow
cub200/train/113.Baird_Sparrow/Baird_Sparrow_0025_794564.jpg,train,Baird_Sparrow_0025_794564.jpg,113.Baird_Sparrow
cub200/train/113.Baird_Sparrow/Baird_Sparrow_0012_794552.jpg,train,Baird_Sparrow_0012_794552.jpg,113.Baird_Sparrow
cub200/train/105.Whip_poor_Will/Whip_Poor_Will_0040_100482.jpg,train,Whip_Poor_Will_0040_100482.jpg,105.Whip_poor_Will
cub200/train/105.Whip_poor_Will/Whip_Poor_Will_0008_796420.jpg,train,Whip_Poor_Will_0008_796420.jpg,105.Whip_poor_Will
cub200/train/142.Black_Tern/Black_Tern_0099_144242.jpg,train,Black_Tern_0099_144242.jpg,142.Black_Tern
cub200/train/142.Black_Tern/Black_Tern_0079_143998.jpg,train,Black_Tern_0079_143998.jpg,142.Black_Tern
cub200/train/033.Yellow_billed_Cuckoo/Yellow_Billed_Cuckoo_0003_26797.jpg,train,Yellow_Billed_Cuckoo_0003_26797.jpg,033.Yellow_billed_Cuckoo
cub200/train/033.Yellow_billed_Cuckoo/Yellow_Billed_Cuckoo_0009_26656.jpg,train,Yellow_Billed_Cuckoo_0009_26656.jpg,033.Yellow_billed_Cuckoo
cub200/train/153.Philadelphia_Vireo/Philadelphia_Vireo_0046_794798.jpg,train,Philadelphia_Vireo_0046_794798.jpg,153.Philadelphia_Vireo
cub200/train/153.Philadelphia_Vireo/Philadelphia_Vireo_0005_156599.jpg,train,Philadelphia_Vireo_0005_156599.jpg,153.Philadelphia_Vireo
cub200/train/130.Tree_Sparrow/Tree_Sparrow_0074_124408.jpg,train,Tree_Sparrow_0074_124408.jpg,130.Tree_Sparrow
cub200/train/130.Tree_Sparrow/Tree_Sparrow_0066_123569.jpg,train,Tree_Sparrow_0066_123569.jpg,130.Tree_Sparrow
cub200/train/150.Sage_Thrasher/Sage_Thrasher_0002_155455.jpg,train,Sage_Thrasher_0002_155455.jpg,150.Sage_Thrasher
cub200/train/150.Sage_Thrasher/Sage_Thrasher_0075_155527.jpg,train,Sage_Thrasher_0075_155527.jpg,150.Sage_Thrasher
cub200/train/084.Red_legged_Kittiwake/Red_Legged_Kittiwake_0051_795404.jpg,train,Red_Legged_Kittiwake_0051_795404.jpg,084.Red_legged_Kittiwake
cub200/train/084.Red_legged_Kittiwake/Red_Legged_Kittiwake_0019_795398.jpg,train,Red_Legged_Kittiwake_0019_795398.jpg,084.Red_legged_Kittiwake
cub200/train/077.Tropical_Kingbird/Tropical_Kingbird_0004_69659.jpg,train,Tropical_Kingbird_0004_69659.jpg,077.Tropical_Kingbird
cub200/train/077.Tropical_Kingbird/Tropical_Kingbird_0098_69642.jpg,train,Tropical_Kingbird_0098_69642.jpg,077.Tropical_Kingbird
cub200/train/101.White_Pelican/White_Pelican_0028_95950.jpg,train,White_Pelican_0028_95950.jpg,101.White_Pelican
cub200/train/101.White_Pelican/White_Pelican_0079_97380.jpg,train,White_Pelican_0079_97380.jpg,101.White_Pelican
cub200/train/051.Horned_Grebe/Horned_Grebe_0049_34779.jpg,train,Horned_Grebe_0049_34779.jpg,051.Horned_Grebe
cub200/train/051.Horned_Grebe/Horned_Grebe_0033_34736.jpg,train,Horned_Grebe_0033_34736.jpg,051.Horned_Grebe
cub200/train/157.Yellow_throated_Vireo/Yellow_Throated_Vireo_0043_159628.jpg,train,Yellow_Throated_Vireo_0043_159628.jpg,157.Yellow_throated_Vireo
cub200/train/157.Yellow_throated_Vireo/Yellow_Throated_Vireo_0020_159634.jpg,train,Yellow_Throated_Vireo_0020_159634.jpg,157.Yellow_throated_Vireo
cub200/train/176.Prairie_Warbler/Prairie_Warbler_0086_172534.jpg,train,Prairie_Warbler_0086_172534.jpg,176.Prairie_Warbler
cub200/train/176.Prairie_Warbler/Prairie_Warbler_0112_173383.jpg,train,Prairie_Warbler_0112_173383.jpg,176.Prairie_Warbler
cub200/train/125.Lincoln_Sparrow/Lincoln_Sparrow_0042_117507.jpg,train,Lincoln_Sparrow_0042_117507.jpg,125.Lincoln_Sparrow
cub200/train/125.Lincoln_Sparrow/Lincoln_Sparrow_0058_117503.jpg,train,Lincoln_Sparrow_0058_117503.jpg,125.Lincoln_Sparrow
cub200/train/046.Gadwall/Gadwall_0014_31570.jpg,train,Gadwall_0014_31570.jpg,046.Gadwall
cub200/train/046.Gadwall/Gadwall_0091_30941.jpg,train,Gadwall_0091_30941.jpg,046.Gadwall
cub200/train/066.Western_Gull/Western_Gull_0012_53605.jpg,train,Western_Gull_0012_53605.jpg,066.Western_Gull
cub200/train/066.Western_Gull/Western_Gull_0087_54193.jpg,train,Western_Gull_0087_54193.jpg,066.Western_Gull
cub200/train/073.Blue_Jay/Blue_Jay_0038_62784.jpg,train,Blue_Jay_0038_62784.jpg,073.Blue_Jay
cub200/train/073.Blue_Jay/Blue_Jay_0024_63167.jpg,train,Blue_Jay_0024_63167.jpg,073.Blue_Jay
cub200/train/129.Song_Sparrow/Song_Sparrow_0053_121554.jpg,train,Song_Sparrow_0053_121554.jpg,129.Song_Sparrow
cub200/train/129.Song_Sparrow/Song_Sparrow_0045_121951.jpg,train,Song_Sparrow_0045_121951.jpg,129.Song_Sparrow
cub200/train/056.Pine_Grosbeak/Pine_Grosbeak_0038_38956.jpg,train,Pine_Grosbeak_0038_38956.jpg,056.Pine_Grosbeak
cub200/train/056.Pine_Grosbeak/Pine_Grosbeak_0002_38214.jpg,train,Pine_Grosbeak_0002_38214.jpg,056.Pine_Grosbeak
cub200/train/108.White_necked_Raven/White_Necked_Raven_0070_102645.jpg,train,White_Necked_Raven_0070_102645.jpg,108.White_necked_Raven
cub200/train/108.White_necked_Raven/White_Necked_Raven_0036_797359.jpg,train,White_Necked_Raven_0036_797359.jpg,108.White_necked_Raven
cub200/train/024.Red_faced_Cormorant/Red_Faced_Cormorant_0060_23416.jpg,train,Red_Faced_Cormorant_0060_23416.jpg,024.Red_faced_Cormorant
cub200/train/024.Red_faced_Cormorant/Red_Faced_Cormorant_0068_796321.jpg,train,Red_Faced_Cormorant_0068_796321.jpg,024.Red_faced_Cormorant
cub200/train/161.Blue_winged_Warbler/Blue_Winged_Warbler_0013_161816.jpg,train,Blue_Winged_Warbler_0013_161816.jpg,161.Blue_winged_Warbler
cub200/train/161.Blue_winged_Warbler/Blue_Winged_Warbler_0079_161909.jpg,train,Blue_Winged_Warbler_0079_161909.jpg,161.Blue_winged_Warbler
cub200/train/098.Scott_Oriole/Scott_Oriole_0034_795813.jpg,train,Scott_Oriole_0034_795813.jpg,098.Scott_Oriole
cub200/train/098.Scott_Oriole/Scott_Oriole_0068_795804.jpg,train,Scott_Oriole_0068_795804.jpg,098.Scott_Oriole
cub200/train/074.Florida_Jay/Florida_Jay_0105_64522.jpg,train,Florida_Jay_0105_64522.jpg,074.Florida_Jay
cub200/train/074.Florida_Jay/Florida_Jay_0011_64920.jpg,train,Florida_Jay_0011_64920.jpg,074.Florida_Jay
cub200/train/053.Western_Grebe/Western_Grebe_0004_36130.jpg,train,Western_Grebe_0004_36130.jpg,053.Western_Grebe
cub200/train/053.Western_Grebe/Western_Grebe_0099_36112.jpg,train,Western_Grebe_0099_36112.jpg,053.Western_Grebe
cub200/train/097.Orchard_Oriole/Orchard_Oriole_0093_92020.jpg,train,Orchard_Oriole_0093_92020.jpg,097.Orchard_Oriole
cub200/train/097.Orchard_Oriole/Orchard_Oriole_0017_91801.jpg,train,Orchard_Oriole_0017_91801.jpg,097.Orchard_Oriole
cub200/train/058.Pigeon_Guillemot/Pigeon_Guillemot_0014_40040.jpg,train,Pigeon_Guillemot_0014_40040.jpg,058.Pigeon_Guillemot
cub200/train/058.Pigeon_Guillemot/Pigeon_Guillemot_0068_40039.jpg,train,Pigeon_Guillemot_0068_40039.jpg,058.Pigeon_Guillemot
cub200/train/028.Brown_Creeper/Brown_Creeper_0059_25010.jpg,train,Brown_Creeper_0059_25010.jpg,028.Brown_Creeper
cub200/train/028.Brown_Creeper/Brown_Creeper_0089_24841.jpg,train,Brown_Creeper_0089_24841.jpg,028.Brown_Creeper
cub200/train/167.Hooded_Warbler/Hooded_Warbler_0112_164650.jpg,train,Hooded_Warbler_0112_164650.jpg,167.Hooded_Warbler
cub200/train/167.Hooded_Warbler/Hooded_Warbler_0033_165213.jpg,train,Hooded_Warbler_0033_165213.jpg,167.Hooded_Warbler
cub200/train/079.Belted_Kingfisher/Belted_Kingfisher_0014_70910.jpg,train,Belted_Kingfisher_0014_70910.jpg,079.Belted_Kingfisher
cub200/train/079.Belted_Kingfisher/Belted_Kingfisher_0056_70516.jpg,train,Belted_Kingfisher_0056_70516.jpg,079.Belted_Kingfisher
cub200/train/038.Great_Crested_Flycatcher/Great_Crested_Flycatcher_0070_29455.jpg,train,Great_Crested_Flycatcher_0070_29455.jpg,038.Great_Crested_Flycatcher
cub200/train/038.Great_Crested_Flycatcher/Great_Crested_Flycatcher_0064_29546.jpg,train,Great_Crested_Flycatcher_0064_29546.jpg,038.Great_Crested_Flycatcher
cub200/train/078.Gray_Kingbird/Gray_Kingbird_0050_70056.jpg,train,Gray_Kingbird_0050_70056.jpg,078.Gray_Kingbird
cub200/train/078.Gray_Kingbird/Gray_Kingbird_0006_70268.jpg,train,Gray_Kingbird_0006_70268.jpg,078.Gray_Kingbird
cub200/train/109.American_Redstart/American_Redstart_0049_103176.jpg,train,American_Redstart_0049_103176.jpg,109.American_Redstart
cub200/train/109.American_Redstart/American_Redstart_0045_102823.jpg,train,American_Redstart_0045_102823.jpg,109.American_Redstart
cub200/train/147.Least_Tern/Least_Tern_0016_153560.jpg,train,Least_Tern_0016_153560.jpg,147.Least_Tern
cub200/train/147.Least_Tern/Least_Tern_0082_154396.jpg,train,Least_Tern_0082_154396.jpg,147.Least_Tern
cub200/train/041.Scissor_tailed_Flycatcher/Scissor_Tailed_Flycatcher_0117_42026.jpg,train,Scissor_Tailed_Flycatcher_0117_42026.jpg,041.Scissor_tailed_Flycatcher
cub200/train/041.Scissor_tailed_Flycatcher/Scissor_Tailed_Flycatcher_0085_41830.jpg,train,Scissor_Tailed_Flycatcher_0085_41830.jpg,041.Scissor_tailed_Flycatcher
cub200/train/195.Carolina_Wren/Carolina_Wren_0058_186409.jpg,train,Carolina_Wren_0058_186409.jpg,195.Carolina_Wren
cub200/train/195.Carolina_Wren/Carolina_Wren_0051_186510.jpg,train,Carolina_Wren_0051_186510.jpg,195.Carolina_Wren
cub200/train/080.Green_Kingfisher/Green_Kingfisher_0070_71387.jpg,train,Green_Kingfisher_0070_71387.jpg,080.Green_Kingfisher
cub200/train/080.Green_Kingfisher/Green_Kingfisher_0032_71050.jpg,train,Green_Kingfisher_0032_71050.jpg,080.Green_Kingfisher
cub200/train/093.Clark_Nutcracker/Clark_Nutcracker_0121_85435.jpg,train,Clark_Nutcracker_0121_85435.jpg,093.Clark_Nutcracker
cub200/train/093.Clark_Nutcracker/Clark_Nutcracker_0093_84809.jpg,train,Clark_Nutcracker_0093_84809.jpg,093.Clark_Nutcracker
cub200/train/090.Red_breasted_Merganser/Red_Breasted_Merganser_0068_79203.jpg,train,Red_Breasted_Merganser_0068_79203.jpg,090.Red_breasted_Merganser
cub200/train/090.Red_breasted_Merganser/Red_Breasted_Merganser_0081_79396.jpg,train,Red_Breasted_Merganser_0081_79396.jpg,090.Red_breasted_Merganser
cub200/train/184.Louisiana_Waterthrush/Louisiana_Waterthrush_0025_177403.jpg,train,Louisiana_Waterthrush_0025_177403.jpg,184.Louisiana_Waterthrush
cub200/train/184.Louisiana_Waterthrush/Louisiana_Waterthrush_0055_795280.jpg,train,Louisiana_Waterthrush_0055_795280.jpg,184.Louisiana_Waterthrush
cub200/train/100.Brown_Pelican/Brown_Pelican_0041_93720.jpg,train,Brown_Pelican_0041_93720.jpg,100.Brown_Pelican
cub200/train/100.Brown_Pelican/Brown_Pelican_0111_93872.jpg,train,Brown_Pelican_0111_93872.jpg,100.Brown_Pelican
cub200/train/199.Winter_Wren/Winter_Wren_0063_189543.jpg,train,Winter_Wren_0063_189543.jpg,199.Winter_Wren
cub200/train/199.Winter_Wren/Winter_Wren_0103_189509.jpg,train,Winter_Wren_0103_189509.jpg,199.Winter_Wren
cub200/train/049.Boat_tailed_Grackle/Boat_Tailed_Grackle_0050_33501.jpg,train,Boat_Tailed_Grackle_0050_33501.jpg,049.Boat_tailed_Grackle
cub200/train/049.Boat_tailed_Grackle/Boat_Tailed_Grackle_0126_33593.jpg,train,Boat_Tailed_Grackle_0126_33593.jpg,049.Boat_tailed_Grackle
cub200/train/160.Black_throated_Blue_Warbler/Black_Throated_Blue_Warbler_0043_161438.jpg,train,Black_Throated_Blue_Warbler_0043_161438.jpg,160.Black_throated_Blue_Warbler
cub200/train/160.Black_throated_Blue_Warbler/Black_Throated_Blue_Warbler_0119_161416.jpg,train,Black_Throated_Blue_Warbler_0119_161416.jpg,160.Black_throated_Blue_Warbler
cub200/train/054.Blue_Grosbeak/Blue_Grosbeak_0057_37116.jpg,train,Blue_Grosbeak_0057_37116.jpg,054.Blue_Grosbeak
cub200/train/054.Blue_Grosbeak/Blue_Grosbeak_0016_36862.jpg,train,Blue_Grosbeak_0016_36862.jpg,054.Blue_Grosbeak
cub200/train/152.Blue_headed_Vireo/Blue_Headed_Vireo_0088_156416.jpg,train,Blue_Headed_Vireo_0088_156416.jpg,152.Blue_headed_Vireo
cub200/train/152.Blue_headed_Vireo/Blue_Headed_Vireo_0118_156193.jpg,train,Blue_Headed_Vireo_0118_156193.jpg,152.Blue_headed_Vireo
cub200/train/023.Brandt_Cormorant/Brandt_Cormorant_0019_23058.jpg,train,Brandt_Cormorant_0019_23058.jpg,023.Brandt_Cormorant
cub200/train/023.Brandt_Cormorant/Brandt_Cormorant_0082_22978.jpg,train,Brandt_Cormorant_0082_22978.jpg,023.Brandt_Cormorant
cub200/train/010.Red_winged_Blackbird/Red_Winged_Blackbird_0062_4233.jpg,train,Red_Winged_Blackbird_0062_4233.jpg,010.Red_winged_Blackbird
cub200/train/010.Red_winged_Blackbird/Red_Winged_Blackbird_0020_4050.jpg,train,Red_Winged_Blackbird_0020_4050.jpg,010.Red_winged_Blackbird
cub200/train/139.Scarlet_Tanager/Scarlet_Tanager_0018_138294.jpg,train,Scarlet_Tanager_0018_138294.jpg,139.Scarlet_Tanager
cub200/train/139.Scarlet_Tanager/Scarlet_Tanager_0039_138010.jpg,train,Scarlet_Tanager_0039_138010.jpg,139.Scarlet_Tanager
cub200/train/168.Kentucky_Warbler/Kentucky_Warbler_0047_165298.jpg,train,Kentucky_Warbler_0047_165298.jpg,168.Kentucky_Warbler
cub200/train/168.Kentucky_Warbler/Kentucky_Warbler_0039_165324.jpg,train,Kentucky_Warbler_0039_165324.jpg,168.Kentucky_Warbler
cub200/train/162.Canada_Warbler/Canada_Warbler_0122_162219.jpg,train,Canada_Warbler_0122_162219.jpg,162.Canada_Warbler
cub200/train/162.Canada_Warbler/Canada_Warbler_0075_162428.jpg,train,Canada_Warbler_0075_162428.jpg,162.Canada_Warbler
cub200/train/165.Chestnut_sided_Warbler/Chestnut_Sided_Warbler_0006_163858.jpg,train,Chestnut_Sided_Warbler_0006_163858.jpg,165.Chestnut_sided_Warbler
cub200/train/165.Chestnut_sided_Warbler/Chestnut_Sided_Warbler_0107_164040.jpg,train,Chestnut_Sided_Warbler_0107_164040.jpg,165.Chestnut_sided_Warbler
cub200/train/039.Least_Flycatcher/Least_Flycatcher_0009_30303.jpg,train,Least_Flycatcher_0009_30303.jpg,039.Least_Flycatcher
cub200/train/039.Least_Flycatcher/Least_Flycatcher_0067_30397.jpg,train,Least_Flycatcher_0067_30397.jpg,039.Least_Flycatcher
cub200/train/060.Glaucous_winged_Gull/Glaucous_Winged_Gull_0017_45224.jpg,train,Glaucous_Winged_Gull_0017_45224.jpg,060.Glaucous_winged_Gull
cub200/train/060.Glaucous_winged_Gull/Glaucous_Winged_Gull_0111_44856.jpg,train,Glaucous_Winged_Gull_0111_44856.jpg,060.Glaucous_winged_Gull
cub200/train/057.Rose_breasted_Grosbeak/Rose_Breasted_Grosbeak_0024_39398.jpg,train,Rose_Breasted_Grosbeak_0024_39398.jpg,057.Rose_breasted_Grosbeak
cub200/train/057.Rose_breasted_Grosbeak/Rose_Breasted_Grosbeak_0014_39037.jpg,train,Rose_Breasted_Grosbeak_0014_39037.jpg,057.Rose_breasted_Grosbeak
cub200/train/110.Geococcyx/Geococcyx_0135_104716.jpg,train,Geococcyx_0135_104716.jpg,110.Geococcyx
cub200/train/110.Geococcyx/Geococcyx_0131_104300.jpg,train,Geococcyx_0131_104300.jpg,110.Geococcyx
cub200/train/106.Horned_Puffin/Horned_Puffin_0072_100938.jpg,train,Horned_Puffin_0072_100938.jpg,106.Horned_Puffin
cub200/train/106.Horned_Puffin/Horned_Puffin_0052_100977.jpg,train,Horned_Puffin_0052_100977.jpg,106.Horned_Puffin
cub200/train/082.Ringed_Kingfisher/Ringed_Kingfisher_0056_72863.jpg,train,Ringed_Kingfisher_0056_72863.jpg,082.Ringed_Kingfisher
cub200/train/082.Ringed_Kingfisher/Ringed_Kingfisher_0028_73018.jpg,train,Ringed_Kingfisher_0028_73018.jpg,082.Ringed_Kingfisher
cub200/train/197.Marsh_Wren/Marsh_Wren_0036_188374.jpg,train,Marsh_Wren_0036_188374.jpg,197.Marsh_Wren
cub200/train/197.Marsh_Wren/Marsh_Wren_0049_188540.jpg,train,Marsh_Wren_0049_188540.jpg,197.Marsh_Wren
cub200/train/072.Pomarine_Jaeger/Pomarine_Jaeger_0011_795777.jpg,train,Pomarine_Jaeger_0011_795777.jpg,072.Pomarine_Jaeger
cub200/train/072.Pomarine_Jaeger/Pomarine_Jaeger_0049_795795.jpg,train,Pomarine_Jaeger_0049_795795.jpg,072.Pomarine_Jaeger
cub200/train/052.Pied_billed_Grebe/Pied_Billed_Grebe_0049_35980.jpg,train,Pied_Billed_Grebe_0049_35980.jpg,052.Pied_billed_Grebe
cub200/train/052.Pied_billed_Grebe/Pied_Billed_Grebe_0096_35579.jpg,train,Pied_Billed_Grebe_0096_35579.jpg,052.Pied_billed_Grebe
cub200/train/185.Bohemian_Waxwing/Bohemian_Waxwing_0034_796646.jpg,train,Bohemian_Waxwing_0034_796646.jpg,185.Bohemian_Waxwing
cub200/train/185.Bohemian_Waxwing/Bohemian_Waxwing_0060_796642.jpg,train,Bohemian_Waxwing_0060_796642.jpg,185.Bohemian_Waxwing
cub200/train/003.Sooty_Albatross/Sooty_Albatross_0068_796353.jpg,train,Sooty_Albatross_0068_796353.jpg,003.Sooty_Albatross
cub200/train/003.Sooty_Albatross/Sooty_Albatross_0050_796351.jpg,train,Sooty_Albatross_0050_796351.jpg,003.Sooty_Albatross
cub200/train/170.Mourning_Warbler/Mourning_Warbler_0061_166598.jpg,train,Mourning_Warbler_0061_166598.jpg,170.Mourning_Warbler
cub200/train/170.Mourning_Warbler/Mourning_Warbler_0008_166467.jpg,train,Mourning_Warbler_0008_166467.jpg,170.Mourning_Warbler
cub200/train/031.Black_billed_Cuckoo/Black_Billed_Cuckoo_0037_795330.jpg,train,Black_Billed_Cuckoo_0037_795330.jpg,031.Black_billed_Cuckoo
cub200/train/031.Black_billed_Cuckoo/Black_Billed_Cuckoo_0023_26258.jpg,train,Black_Billed_Cuckoo_0023_26258.jpg,031.Black_billed_Cuckoo
cub200/train/029.American_Crow/American_Crow_0110_25541.jpg,train,American_Crow_0110_25541.jpg,029.American_Crow
cub200/train/029.American_Crow/American_Crow_0031_25433.jpg,train,American_Crow_0031_25433.jpg,029.American_Crow
cub200/train/021.Eastern_Towhee/Eastern_Towhee_0053_22623.jpg,train,Eastern_Towhee_0053_22623.jpg,021.Eastern_Towhee
cub200/train/021.Eastern_Towhee/Eastern_Towhee_0031_22233.jpg,train,Eastern_Towhee_0031_22233.jpg,021.Eastern_Towhee
cub200/train/035.Purple_Finch/Purple_Finch_0043_28117.jpg,train,Purple_Finch_0043_28117.jpg,035.Purple_Finch
cub200/train/035.Purple_Finch/Purple_Finch_0120_27597.jpg,train,Purple_Finch_0120_27597.jpg,035.Purple_Finch
cub200/train/186.Cedar_Waxwing/Cedar_Waxwing_0094_178049.jpg,train,Cedar_Waxwing_0094_178049.jpg,186.Cedar_Waxwing
cub200/train/186.Cedar_Waxwing/Cedar_Waxwing_0118_178779.jpg,train,Cedar_Waxwing_0118_178779.jpg,186.Cedar_Waxwing
cub200/train/094.White_breasted_Nuthatch/White_Breasted_Nuthatch_0082_86435.jpg,train,White_Breasted_Nuthatch_0082_86435.jpg,094.White_breasted_Nuthatch
cub200/train/094.White_breasted_Nuthatch/White_Breasted_Nuthatch_0047_85819.jpg,train,White_Breasted_Nuthatch_0047_85819.jpg,094.White_breasted_Nuthatch
cub200/train/164.Cerulean_Warbler/Cerulean_Warbler_0092_163455.jpg,train,Cerulean_Warbler_0092_163455.jpg,164.Cerulean_Warbler
cub200/train/164.Cerulean_Warbler/Cerulean_Warbler_0053_797197.jpg,train,Cerulean_Warbler_0053_797197.jpg,164.Cerulean_Warbler
cub200/train/088.Western_Meadowlark/Western_Meadowlark_0091_78576.jpg,train,Western_Meadowlark_0091_78576.jpg,088.Western_Meadowlark
cub200/train/088.Western_Meadowlark/Western_Meadowlark_0063_77946.jpg,train,Western_Meadowlark_0063_77946.jpg,088.Western_Meadowlark
cub200/train/027.Shiny_Cowbird/Shiny_Cowbird_0070_796832.jpg,train,Shiny_Cowbird_0070_796832.jpg,027.Shiny_Cowbird
cub200/train/027.Shiny_Cowbird/Shiny_Cowbird_0068_24413.jpg,train,Shiny_Cowbird_0068_24413.jpg,027.Shiny_Cowbird
cub200/train/133.White_throated_Sparrow/White_Throated_Sparrow_0063_128803.jpg,train,White_Throated_Sparrow_0063_128803.jpg,133.White_throated_Sparrow
cub200/train/133.White_throated_Sparrow/White_Throated_Sparrow_0072_129203.jpg,train,White_Throated_Sparrow_0072_129203.jpg,133.White_throated_Sparrow
cub200/train/115.Brewer_Sparrow/Brewer_Sparrow_0039_107431.jpg,train,Brewer_Sparrow_0039_107431.jpg,115.Brewer_Sparrow
cub200/train/115.Brewer_Sparrow/Brewer_Sparrow_0001_796718.jpg,train,Brewer_Sparrow_0001_796718.jpg,115.Brewer_Sparrow
cub200/train/044.Frigatebird/Frigatebird_0049_43044.jpg,train,Frigatebird_0049_43044.jpg,044.Frigatebird
cub200/train/044.Frigatebird/Frigatebird_0080_43064.jpg,train,Frigatebird_0080_43064.jpg,044.Frigatebird
cub200/train/043.Yellow_bellied_Flycatcher/Yellow_Bellied_Flycatcher_0017_795490.jpg,train,Yellow_Bellied_Flycatcher_0017_795490.jpg,043.Yellow_bellied_Flycatcher
cub200/train/043.Yellow_bellied_Flycatcher/Yellow_Bellied_Flycatcher_0038_795477.jpg,train,Yellow_Bellied_Flycatcher_0038_795477.jpg,043.Yellow_bellied_Flycatcher
cub200/train/180.Wilson_Warbler/Wilson_Warbler_0083_175253.jpg,train,Wilson_Warbler_0083_175253.jpg,180.Wilson_Warbler
cub200/train/180.Wilson_Warbler/Wilson_Warbler_0029_175417.jpg,train,Wilson_Warbler_0029_175417.jpg,180.Wilson_Warbler
cub200/train/034.Gray_crowned_Rosy_Finch/Gray_Crowned_Rosy_Finch_0006_797284.jpg,train,Gray_Crowned_Rosy_Finch_0006_797284.jpg,034.Gray_crowned_Rosy_Finch
cub200/train/034.Gray_crowned_Rosy_Finch/Gray_Crowned_Rosy_Finch_0067_797289.jpg,train,Gray_Crowned_Rosy_Finch_0067_797289.jpg,034.Gray_crowned_Rosy_Finch
cub200/train/055.Evening_Grosbeak/Evening_Grosbeak_0130_37813.jpg,train,Evening_Grosbeak_0130_37813.jpg,055.Evening_Grosbeak
cub200/train/055.Evening_Grosbeak/Evening_Grosbeak_0129_37831.jpg,train,Evening_Grosbeak_0129_37831.jpg,055.Evening_Grosbeak
cub200/train/040.Olive_sided_Flycatcher/Olive_Sided_Flycatcher_0037_30784.jpg,train,Olive_Sided_Flycatcher_0037_30784.jpg,040.Olive_sided_Flycatcher
cub200/train/040.Olive_sided_Flycatcher/Olive_Sided_Flycatcher_0058_796883.jpg,train,Olive_Sided_Flycatcher_0058_796883.jpg,040.Olive_sided_Flycatcher
cub200/train/192.Downy_Woodpecker/Downy_Woodpecker_0039_184243.jpg,train,Downy_Woodpecker_0039_184243.jpg,192.Downy_Woodpecker
cub200/train/192.Downy_Woodpecker/Downy_Woodpecker_0090_183964.jpg,train,Downy_Woodpecker_0090_183964.jpg,192.Downy_Woodpecker
cub200/train/137.Cliff_Swallow/Cliff_Swallow_0066_133206.jpg,train,Cliff_Swallow_0066_133206.jpg,137.Cliff_Swallow
cub200/train/137.Cliff_Swallow/Cliff_Swallow_0068_134236.jpg,train,Cliff_Swallow_0068_134236.jpg,137.Cliff_Swallow
cub200/train/009.Brewer_Blackbird/Brewer_Blackbird_0045_2303.jpg,train,Brewer_Blackbird_0045_2303.jpg,009.Brewer_Blackbird
cub200/train/009.Brewer_Blackbird/Brewer_Blackbird_0028_2682.jpg,train,Brewer_Blackbird_0028_2682.jpg,009.Brewer_Blackbird
cub200/train/117.Clay_colored_Sparrow/Clay_Colored_Sparrow_0106_797247.jpg,train,Clay_Colored_Sparrow_0106_797247.jpg,117.Clay_colored_Sparrow
cub200/train/117.Clay_colored_Sparrow/Clay_Colored_Sparrow_0033_797255.jpg,train,Clay_Colored_Sparrow_0033_797255.jpg,117.Clay_colored_Sparrow
cub200/train/042.Vermilion_Flycatcher/Vermilion_Flycatcher_0067_42185.jpg,train,Vermilion_Flycatcher_0067_42185.jpg,042.Vermilion_Flycatcher
cub200/train/042.Vermilion_Flycatcher/Vermilion_Flycatcher_0026_42375.jpg,train,Vermilion_Flycatcher_0026_42375.jpg,042.Vermilion_Flycatcher
cub200/train/095.Baltimore_Oriole/Baltimore_Oriole_0083_89712.jpg,train,Baltimore_Oriole_0083_89712.jpg,095.Baltimore_Oriole
cub200/train/095.Baltimore_Oriole/Baltimore_Oriole_0108_87576.jpg,train,Baltimore_Oriole_0108_87576.jpg,095.Baltimore_Oriole
cub200/train/190.Red_cockaded_Woodpecker/Red_Cockaded_Woodpecker_0040_182502.jpg,train,Red_Cockaded_Woodpecker_0040_182502.jpg,190.Red_cockaded_Woodpecker
cub200/train/190.Red_cockaded_Woodpecker/Red_Cockaded_Woodpecker_0051_182347.jpg,train,Red_Cockaded_Woodpecker_0051_182347.jpg,190.Red_cockaded_Woodpecker
cub200/train/087.Mallard/Mallard_0046_76165.jpg,train,Mallard_0046_76165.jpg,087.Mallard
cub200/train/087.Mallard/Mallard_0061_76378.jpg,train,Mallard_0061_76378.jpg,087.Mallard
cub200/train/148.Green_tailed_Towhee/Green_Tailed_Towhee_0067_797426.jpg,train,Green_Tailed_Towhee_0067_797426.jpg,148.Green_tailed_Towhee
cub200/train/148.Green_tailed_Towhee/Green_Tailed_Towhee_0069_797441.jpg,train,Green_Tailed_Towhee_0069_797441.jpg,148.Green_tailed_Towhee
cub200/train/154.Red_eyed_Vireo/Red_Eyed_Vireo_0016_156971.jpg,train,Red_Eyed_Vireo_0016_156971.jpg,154.Red_eyed_Vireo
cub200/train/154.Red_eyed_Vireo/Red_Eyed_Vireo_0002_156470.jpg,train,Red_Eyed_Vireo_0002_156470.jpg,154.Red_eyed_Vireo
cub200/train/116.Chipping_Sparrow/Chipping_Sparrow_0017_107552.jpg,train,Chipping_Sparrow_0017_107552.jpg,116.Chipping_Sparrow
cub200/train/116.Chipping_Sparrow/Chipping_Sparrow_0042_107791.jpg,train,Chipping_Sparrow_0042_107791.jpg,116.Chipping_Sparrow
cub200/train/135.Bank_Swallow/Bank_Swallow_0027_129503.jpg,train,Bank_Swallow_0027_129503.jpg,135.Bank_Swallow
cub200/train/135.Bank_Swallow/Bank_Swallow_0063_129774.jpg,train,Bank_Swallow_0063_129774.jpg,135.Bank_Swallow
cub200/train/119.Field_Sparrow/Field_Sparrow_0090_113613.jpg,train,Field_Sparrow_0090_113613.jpg,119.Field_Sparrow
cub200/train/119.Field_Sparrow/Field_Sparrow_0127_114087.jpg,train,Field_Sparrow_0127_114087.jpg,119.Field_Sparrow
cub200/train/004.Groove_billed_Ani/Groove_Billed_Ani_0058_1751.jpg,train,Groove_Billed_Ani_0058_1751.jpg,004.Groove_billed_Ani
cub200/train/004.Groove_billed_Ani/Groove_Billed_Ani_0060_1505.jpg,train,Groove_Billed_Ani_0060_1505.jpg,004.Groove_billed_Ani
cub200/train/122.Harris_Sparrow/Harris_Sparrow_0001_116398.jpg,train,Harris_Sparrow_0001_116398.jpg,122.Harris_Sparrow
cub200/train/122.Harris_Sparrow/Harris_Sparrow_0075_116404.jpg,train,Harris_Sparrow_0075_116404.jpg,122.Harris_Sparrow
cub200/train/132.White_crowned_Sparrow/White_Crowned_Sparrow_0019_127652.jpg,train,White_Crowned_Sparrow_0019_127652.jpg,132.White_crowned_Sparrow
cub200/train/132.White_crowned_Sparrow/White_Crowned_Sparrow_0142_128237.jpg,train,White_Crowned_Sparrow_0142_128237.jpg,132.White_crowned_Sparrow
cub200/train/045.Northern_Fulmar/Northern_Fulmar_0061_43653.jpg,train,Northern_Fulmar_0061_43653.jpg,045.Northern_Fulmar
cub200/train/045.Northern_Fulmar/Northern_Fulmar_0019_43853.jpg,train,Northern_Fulmar_0019_43853.jpg,045.Northern_Fulmar
cub200/train/145.Elegant_Tern/Elegant_Tern_0050_150521.jpg,train,Elegant_Tern_0050_150521.jpg,145.Elegant_Tern
cub200/train/145.Elegant_Tern/Elegant_Tern_0073_150925.jpg,train,Elegant_Tern_0073_150925.jpg,145.Elegant_Tern
cub200/train/019.Gray_Catbird/Gray_Catbird_0092_20735.jpg,train,Gray_Catbird_0092_20735.jpg,019.Gray_Catbird
cub200/train/019.Gray_Catbird/Gray_Catbird_0105_20864.jpg,train,Gray_Catbird_0105_20864.jpg,019.Gray_Catbird
cub200/train/104.American_Pipit/American_Pipit_0072_99631.jpg,train,American_Pipit_0072_99631.jpg,104.American_Pipit
cub200/train/104.American_Pipit/American_Pipit_0066_99961.jpg,train,American_Pipit_0066_99961.jpg,104.American_Pipit
cub200/train/006.Least_Auklet/Least_Auklet_0046_795118.jpg,train,Least_Auklet_0046_795118.jpg,006.Least_Auklet
cub200/train/006.Least_Auklet/Least_Auklet_0041_795107.jpg,train,Least_Auklet_0041_795107.jpg,006.Least_Auklet
cub200/train/131.Vesper_Sparrow/Vesper_Sparrow_0013_109937.jpg,train,Vesper_Sparrow_0013_109937.jpg,131.Vesper_Sparrow
cub200/train/131.Vesper_Sparrow/Vesper_Sparrow_0091_125598.jpg,train,Vesper_Sparrow_0091_125598.jpg,131.Vesper_Sparrow
cub200/train/102.Western_Wood_Pewee/Western_Wood_Pewee_0073_795044.jpg,train,Western_Wood_Pewee_0073_795044.jpg,102.Western_Wood_Pewee
cub200/train/102.Western_Wood_Pewee/Western_Wood_Pewee_0079_795047.jpg,train,Western_Wood_Pewee_0079_795047.jpg,102.Western_Wood_Pewee
cub200/train/136.Barn_Swallow/Barn_Swallow_0044_132542.jpg,train,Barn_Swallow_0044_132542.jpg,136.Barn_Swallow
cub200/train/136.Barn_Swallow/Barn_Swallow_0029_132832.jpg,train,Barn_Swallow_0029_132832.jpg,136.Barn_Swallow
cub200/train/067.Anna_Hummingbird/Anna_Hummingbird_0043_56059.jpg,train,Anna_Hummingbird_0043_56059.jpg,067.Anna_Hummingbird
cub200/train/067.Anna_Hummingbird/Anna_Hummingbird_0022_55779.jpg,train,Anna_Hummingbird_0022_55779.jpg,067.Anna_Hummingbird
cub200/train/083.White_breasted_Kingfisher/White_Breasted_Kingfisher_0071_73236.jpg,train,White_Breasted_Kingfisher_0071_73236.jpg,083.White_breasted_Kingfisher
cub200/train/083.White_breasted_Kingfisher/White_Breasted_Kingfisher_0003_73195.jpg,train,White_Breasted_Kingfisher_0003_73195.jpg,083.White_breasted_Kingfisher
cub200/train/177.Prothonotary_Warbler/Prothonotary_Warbler_0066_174318.jpg,train,Prothonotary_Warbler_0066_174318.jpg,177.Prothonotary_Warbler
cub200/train/177.Prothonotary_Warbler/Prothonotary_Warbler_0097_174554.jpg,train,Prothonotary_Warbler_0097_174554.jpg,177.Prothonotary_Warbler
cub200/train/124.Le_Conte_Sparrow/Le_Conte_Sparrow_0099_795182.jpg,train,Le_Conte_Sparrow_0099_795182.jpg,124.Le_Conte_Sparrow
cub200/train/124.Le_Conte_Sparrow/Le_Conte_Sparrow_0041_795218.jpg,train,Le_Conte_Sparrow_0041_795218.jpg,124.Le_Conte_Sparrow
cub200/train/061.Heermann_Gull/Heermann_Gull_0035_45754.jpg,train,Heermann_Gull_0035_45754.jpg,061.Heermann_Gull
cub200/train/061.Heermann_Gull/Heermann_Gull_0027_45864.jpg,train,Heermann_Gull_0027_45864.jpg,061.Heermann_Gull
cub200/train/179.Tennessee_Warbler/Tennessee_Warbler_0095_174903.jpg,train,Tennessee_Warbler_0095_174903.jpg,179.Tennessee_Warbler
cub200/train/179.Tennessee_Warbler/Tennessee_Warbler_0096_174993.jpg,train,Tennessee_Warbler_0096_174993.jpg,179.Tennessee_Warbler
cub200/train/001.Black_footed_Albatross/Black_Footed_Albatross_0023_796059.jpg,train,Black_Footed_Albatross_0023_796059.jpg,001.Black_footed_Albatross
cub200/train/001.Black_footed_Albatross/Black_Footed_Albatross_0082_796121.jpg,train,Black_Footed_Albatross_0082_796121.jpg,001.Black_footed_Albatross
cub200/train/178.Swainson_Warbler/Swainson_Warbler_0038_794882.jpg,train,Swainson_Warbler_0038_794882.jpg,178.Swainson_Warbler
cub200/train/178.Swainson_Warbler/Swainson_Warbler_0001_794869.jpg,train,Swainson_Warbler_0001_794869.jpg,178.Swainson_Warbler
cub200/train/107.Common_Raven/Common_Raven_0037_101096.jpg,train,Common_Raven_0037_101096.jpg,107.Common_Raven
cub200/train/107.Common_Raven/Common_Raven_0085_102041.jpg,train,Common_Raven_0085_102041.jpg,107.Common_Raven
cub200/train/089.Hooded_Merganser/Hooded_Merganser_0024_796779.jpg,train,Hooded_Merganser_0024_796779.jpg,089.Hooded_Merganser
cub200/train/089.Hooded_Merganser/Hooded_Merganser_0087_78972.jpg,train,Hooded_Merganser_0087_78972.jpg,089.Hooded_Merganser
cub200/train/064.Ring_billed_Gull/Ring_Billed_Gull_0057_51315.jpg,train,Ring_Billed_Gull_0057_51315.jpg,064.Ring_billed_Gull
cub200/train/064.Ring_billed_Gull/Ring_Billed_Gull_0038_51275.jpg,train,Ring_Billed_Gull_0038_51275.jpg,064.Ring_billed_Gull
cub200/train/193.Bewick_Wren/Bewick_Wren_0034_185130.jpg,train,Bewick_Wren_0034_185130.jpg,193.Bewick_Wren
cub200/train/193.Bewick_Wren/Bewick_Wren_0003_185072.jpg,train,Bewick_Wren_0003_185072.jpg,193.Bewick_Wren
cub200/train/018.Spotted_Catbird/Spotted_Catbird_0044_796809.jpg,train,Spotted_Catbird_0044_796809.jpg,018.Spotted_Catbird
cub200/train/018.Spotted_Catbird/Spotted_Catbird_0008_796789.jpg,train,Spotted_Catbird_0008_796789.jpg,018.Spotted_Catbird
cub200/train/015.Lazuli_Bunting/Lazuli_Bunting_0067_14672.jpg,train,Lazuli_Bunting_0067_14672.jpg,015.Lazuli_Bunting
cub200/train/015.Lazuli_Bunting/Lazuli_Bunting_0042_14820.jpg,train,Lazuli_Bunting_0042_14820.jpg,015.Lazuli_Bunting
cub200/train/173.Orange_crowned_Warbler/Orange_Crowned_Warbler_0066_167949.jpg,train,Orange_Crowned_Warbler_0066_167949.jpg,173.Orange_crowned_Warbler
cub200/train/173.Orange_crowned_Warbler/Orange_Crowned_Warbler_0040_168029.jpg,train,Orange_Crowned_Warbler_0040_168029.jpg,173.Orange_crowned_Warbler
cub200/train/181.Worm_eating_Warbler/Worm_Eating_Warbler_0039_176120.jpg,train,Worm_Eating_Warbler_0039_176120.jpg,181.Worm_eating_Warbler
cub200/train/181.Worm_eating_Warbler/Worm_Eating_Warbler_0049_795561.jpg,train,Worm_Eating_Warbler_0049_795561.jpg,181.Worm_eating_Warbler
cub200/train/155.Warbling_Vireo/Warbling_Vireo_0075_158480.jpg,train,Warbling_Vireo_0075_158480.jpg,155.Warbling_Vireo
cub200/train/155.Warbling_Vireo/Warbling_Vireo_0064_158437.jpg,train,Warbling_Vireo_0064_158437.jpg,155.Warbling_Vireo
cub200/train/114.Black_throated_Sparrow/Black_Throated_Sparrow_0059_107060.jpg,train,Black_Throated_Sparrow_0059_107060.jpg,114.Black_throated_Sparrow
cub200/train/114.Black_throated_Sparrow/Black_Throated_Sparrow_0001_107233.jpg,train,Black_Throated_Sparrow_0001_107233.jpg,114.Black_throated_Sparrow
cub200/train/134.Cape_Glossy_Starling/Cape_Glossy_Starling_0028_129309.jpg,train,Cape_Glossy_Starling_0028_129309.jpg,134.Cape_Glossy_Starling
cub200/train/134.Cape_Glossy_Starling/Cape_Glossy_Starling_0013_129244.jpg,train,Cape_Glossy_Starling_0013_129244.jpg,134.Cape_Glossy_Starling
cub200/train/194.Cactus_Wren/Cactus_Wren_0016_185582.jpg,train,Cactus_Wren_0016_185582.jpg,194.Cactus_Wren
cub200/train/194.Cactus_Wren/Cactus_Wren_0108_185733.jpg,train,Cactus_Wren_0108_185733.jpg,194.Cactus_Wren
cub200/train/017.Cardinal/Cardinal_0040_17477.jpg,train,Cardinal_0040_17477.jpg,017.Cardinal
cub200/train/017.Cardinal/Cardinal_0019_17368.jpg,train,Cardinal_0019_17368.jpg,017.Cardinal
cub200/train/030.Fish_Crow/Fish_Crow_0041_25887.jpg,train,Fish_Crow_0041_25887.jpg,030.Fish_Crow
cub200/train/030.Fish_Crow/Fish_Crow_0037_26071.jpg,train,Fish_Crow_0037_26071.jpg,030.Fish_Crow
cub200/train/187.American_Three_toed_Woodpecker/American_Three_Toed_Woodpecker_0042_796149.jpg,train,American_Three_Toed_Woodpecker_0042_796149.jpg,187.American_Three_toed_Woodpecker
cub200/train/187.American_Three_toed_Woodpecker/American_Three_Toed_Woodpecker_0044_796151.jpg,train,American_Three_Toed_Woodpecker_0044_796151.jpg,187.American_Three_toed_Woodpecker
cub200/train/032.Mangrove_Cuckoo/Mangrove_Cuckoo_0006_794626.jpg,train,Mangrove_Cuckoo_0006_794626.jpg,032.Mangrove_Cuckoo
cub200/train/032.Mangrove_Cuckoo/Mangrove_Cuckoo_0039_26348.jpg,train,Mangrove_Cuckoo_0039_26348.jpg,032.Mangrove_Cuckoo
cub200/train/144.Common_Tern/Common_Tern_0070_150292.jpg,train,Common_Tern_0070_150292.jpg,144.Common_Tern
cub200/train/144.Common_Tern/Common_Tern_0054_148028.jpg,train,Common_Tern_0054_148028.jpg,144.Common_Tern
cub200/train/123.Henslow_Sparrow/Henslow_Sparrow_0073_116803.jpg,train,Henslow_Sparrow_0073_116803.jpg,123.Henslow_Sparrow
cub200/train/123.Henslow_Sparrow/Henslow_Sparrow_0069_116832.jpg,train,Henslow_Sparrow_0069_116832.jpg,123.Henslow_Sparrow
cub200/train/092.Nighthawk/Nighthawk_0082_82242.jpg,train,Nighthawk_0082_82242.jpg,092.Nighthawk
cub200/train/092.Nighthawk/Nighthawk_0053_84436.jpg,train,Nighthawk_0053_84436.jpg,092.Nighthawk
cub200/train/059.California_Gull/California_Gull_0038_40865.jpg,train,California_Gull_0038_40865.jpg,059.California_Gull
cub200/train/059.California_Gull/California_Gull_0109_41465.jpg,train,California_Gull_0109_41465.jpg,059.California_Gull
cub200/train/149.Brown_Thrasher/Brown_Thrasher_0121_155320.jpg,train,Brown_Thrasher_0121_155320.jpg,149.Brown_Thrasher
cub200/train/149.Brown_Thrasher/Brown_Thrasher_0061_155140.jpg,train,Brown_Thrasher_0061_155140.jpg,149.Brown_Thrasher
cub200/train/103.Sayornis/Sayornis_0022_98308.jpg,train,Sayornis_0022_98308.jpg,103.Sayornis
cub200/train/103.Sayornis/Sayornis_0106_98841.jpg,train,Sayornis_0106_98841.jpg,103.Sayornis
cub200/train/171.Myrtle_Warbler/Myrtle_Warbler_0078_166875.jpg,train,Myrtle_Warbler_0078_166875.jpg,171.Myrtle_Warbler
cub200/train/171.Myrtle_Warbler/Myrtle_Warbler_0025_166704.jpg,train,Myrtle_Warbler_0025_166704.jpg,171.Myrtle_Warbler
cub200/train/169.Magnolia_Warbler/Magnolia_Warbler_0114_165467.jpg,train,Magnolia_Warbler_0114_165467.jpg,169.Magnolia_Warbler
cub200/train/169.Magnolia_Warbler/Magnolia_Warbler_0020_166211.jpg,train,Magnolia_Warbler_0020_166211.jpg,169.Magnolia_Warbler
cub200/train/050.Eared_Grebe/Eared_Grebe_0054_34289.jpg,train,Eared_Grebe_0054_34289.jpg,050.Eared_Grebe
cub200/train/050.Eared_Grebe/Eared_Grebe_0039_34257.jpg,train,Eared_Grebe_0039_34257.jpg,050.Eared_Grebe
cub200/train/065.Slaty_backed_Gull/Slaty_Backed_Gull_0076_796005.jpg,train,Slaty_Backed_Gull_0076_796005.jpg,065.Slaty_backed_Gull
cub200/train/065.Slaty_backed_Gull/Slaty_Backed_Gull_0043_796009.jpg,train,Slaty_Backed_Gull_0043_796009.jpg,065.Slaty_backed_Gull
cub200/train/189.Red_bellied_Woodpecker/Red_Bellied_Woodpecker_0039_180814.jpg,train,Red_Bellied_Woodpecker_0039_180814.jpg,189.Red_bellied_Woodpecker
cub200/train/189.Red_bellied_Woodpecker/Red_Bellied_Woodpecker_0035_181913.jpg,train,Red_Bellied_Woodpecker_0035_181913.jpg,189.Red_bellied_Woodpecker
cub200/train/163.Cape_May_Warbler/Cape_May_Warbler_0103_162972.jpg,train,Cape_May_Warbler_0103_162972.jpg,163.Cape_May_Warbler
cub200/train/163.Cape_May_Warbler/Cape_May_Warbler_0043_163172.jpg,train,Cape_May_Warbler_0043_163172.jpg,163.Cape_May_Warbler
cub200/train/047.American_Goldfinch/American_Goldfinch_0004_31903.jpg,train,American_Goldfinch_0004_31903.jpg,047.American_Goldfinch
cub200/train/047.American_Goldfinch/American_Goldfinch_0042_31979.jpg,train,American_Goldfinch_0042_31979.jpg,047.American_Goldfinch
cub200/train/127.Savannah_Sparrow/Savannah_Sparrow_0109_119674.jpg,train,Savannah_Sparrow_0109_119674.jpg,127.Savannah_Sparrow
cub200/train/127.Savannah_Sparrow/Savannah_Sparrow_0066_119949.jpg,train,Savannah_Sparrow_0066_119949.jpg,127.Savannah_Sparrow
cub200/train/143.Caspian_Tern/Caspian_Tern_0049_145755.jpg,train,Caspian_Tern_0049_145755.jpg,143.Caspian_Tern
cub200/train/143.Caspian_Tern/Caspian_Tern_0117_146009.jpg,train,Caspian_Tern_0117_146009.jpg,143.Caspian_Tern
cub200/train/166.Golden_winged_Warbler/Golden_Winged_Warbler_0077_164432.jpg,train,Golden_Winged_Warbler_0077_164432.jpg,166.Golden_winged_Warbler
cub200/train/166.Golden_winged_Warbler/Golden_Winged_Warbler_0036_794817.jpg,train,Golden_Winged_Warbler_0036_794817.jpg,166.Golden_winged_Warbler
cub200/train/068.Ruby_throated_Hummingbird/Ruby_Throated_Hummingbird_0058_57298.jpg,train,Ruby_Throated_Hummingbird_0058_57298.jpg,068.Ruby_throated_Hummingbird
cub200/train/068.Ruby_throated_Hummingbird/Ruby_Throated_Hummingbird_0129_57666.jpg,train,Ruby_Throated_Hummingbird_0129_57666.jpg,068.Ruby_throated_Hummingbird
cub200/train/081.Pied_Kingfisher/Pied_Kingfisher_0033_71883.jpg,train,Pied_Kingfisher_0033_71883.jpg,081.Pied_Kingfisher
cub200/train/081.Pied_Kingfisher/Pied_Kingfisher_0080_72199.jpg,train,Pied_Kingfisher_0080_72199.jpg,081.Pied_Kingfisher
cub200/train/151.Black_capped_Vireo/Black_Capped_Vireo_0011_797488.jpg,train,Black_Capped_Vireo_0011_797488.jpg,151.Black_capped_Vireo
cub200/train/151.Black_capped_Vireo/Black_Capped_Vireo_0046_797494.jpg,train,Black_Capped_Vireo_0046_797494.jpg,151.Black_capped_Vireo
cub200/train/196.House_Wren/House_Wren_0099_187240.jpg,train,House_Wren_0099_187240.jpg,196.House_Wren
cub200/train/196.House_Wren/House_Wren_0025_187160.jpg,train,House_Wren_0025_187160.jpg,196.House_Wren
cub200/train/091.Mockingbird/Mockingbird_0097_79951.jpg,train,Mockingbird_0097_79951.jpg,091.Mockingbird
cub200/train/091.Mockingbird/Mockingbird_0008_81226.jpg,train,Mockingbird_0008_81226.jpg,091.Mockingbird
cub200/train/048.European_Goldfinch/European_Goldfinch_0068_33359.jpg,train,European_Goldfinch_0068_33359.jpg,048.European_Goldfinch
cub200/train/048.European_Goldfinch/European_Goldfinch_0074_33348.jpg,train,European_Goldfinch_0074_33348.jpg,048.European_Goldfinch
cub200/train/096.Hooded_Oriole/Hooded_Oriole_0079_89978.jpg,train,Hooded_Oriole_0079_89978.jpg,096.Hooded_Oriole
cub200/train/096.Hooded_Oriole/Hooded_Oriole_0068_90397.jpg,train,Hooded_Oriole_0068_90397.jpg,096.Hooded_Oriole
