stanforddogs/train/n02110627-affenpinscher/n02110627_1581.jpg,train,n02110627_1581.jpg,n02110627-affenpinscher
stanforddogs/train/n02110627-affenpinscher/n02110627_11858.jpg,train,n02110627_11858.jpg,n02110627-affenpinscher
stanforddogs/train/n02110627-affenpinscher/n02110627_8519.jpg,train,n02110627_8519.jpg,n02110627-affenpinscher
stanforddogs/train/n02110627-affenpinscher/n02110627_735.jpg,train,n02110627_735.jpg,n02110627-affenpinscher
stanforddogs/train/n02110627-affenpinscher/n02110627_3001.jpg,train,n02110627_3001.jpg,n02110627-affenpinscher
stanforddogs/train/n02091032-Italian_greyhound/n02091032_10449.jpg,train,n02091032_10449.jpg,n02091032-Italian_greyhound
stanforddogs/train/n02091032-Italian_greyhound/n02091032_4458.jpg,train,n02091032_4458.jpg,n02091032-Italian_greyhound
stanforddogs/train/n02091032-Italian_greyhound/n02091032_907.jpg,train,n02091032_907.jpg,n02091032-Italian_greyhound
stanforddogs/train/n02091032-Italian_greyhound/n02091032_8855.jpg,train,n02091032_8855.jpg,n02091032-Italian_greyhound
stanforddogs/train/n02091032-Italian_greyhound/n02091032_4659.jpg,train,n02091032_4659.jpg,n02091032-Italian_greyhound
stanforddogs/train/n02097658-silky_terrier/n02097658_1789.jpg,train,n02097658_1789.jpg,n02097658-silky_terrier
stanforddogs/train/n02097658-silky_terrier/n02097658_292.jpg,train,n02097658_292.jpg,n02097658-silky_terrier
stanforddogs/train/n02097658-silky_terrier/n02097658_4201.jpg,train,n02097658_4201.jpg,n02097658-silky_terrier
stanforddogs/train/n02097658-silky_terrier/n02097658_1163.jpg,train,n02097658_1163.jpg,n02097658-silky_terrier
stanforddogs/train/n02097658-silky_terrier/n02097658_595.jpg,train,n02097658_595.jpg,n02097658-silky_terrier
stanforddogs/train/n02097047-miniature_schnauzer/n02097047_509.jpg,train,n02097047_509.jpg,n02097047-miniature_schnauzer
stanforddogs/train/n02097047-miniature_schnauzer/n02097047_6744.jpg,train,n02097047_6744.jpg,n02097047-miniature_schnauzer
stanforddogs/train/n02097047-miniature_schnauzer/n02097047_232.jpg,train,n02097047_232.jpg,n02097047-miniature_schnauzer
stanforddogs/train/n02097047-miniature_schnauzer/n02097047_6503.jpg,train,n02097047_6503.jpg,n02097047-miniature_schnauzer
stanforddogs/train/n02097047-miniature_schnauzer/n02097047_6553.jpg,train,n02097047_6553.jpg,n02097047-miniature_schnauzer
stanforddogs/train/n02089973-English_foxhound/n02089973_4185.jpg,train,n02089973_4185.jpg,n02089973-English_foxhound
stanforddogs/train/n02089973-English_foxhound/n02089973_3136.jpg,train,n02089973_3136.jpg,n02089973-English_foxhound
stanforddogs/train/n02089973-English_foxhound/n02089973_289.jpg,train,n02089973_289.jpg,n02089973-English_foxhound
stanforddogs/train/n02089973-English_foxhound/n02089973_846.jpg,train,n02089973_846.jpg,n02089973-English_foxhound
stanforddogs/train/n02089973-English_foxhound/n02089973_99.jpg,train,n02089973_99.jpg,n02089973-English_foxhound
stanforddogs/train/n02101388-Brittany_spaniel/n02101388_7835.jpg,train,n02101388_7835.jpg,n02101388-Brittany_spaniel
stanforddogs/train/n02101388-Brittany_spaniel/n02101388_990.jpg,train,n02101388_990.jpg,n02101388-Brittany_spaniel
stanforddogs/train/n02101388-Brittany_spaniel/n02101388_1050.jpg,train,n02101388_1050.jpg,n02101388-Brittany_spaniel
stanforddogs/train/n02101388-Brittany_spaniel/n02101388_197.jpg,train,n02101388_197.jpg,n02101388-Brittany_spaniel
stanforddogs/train/n02101388-Brittany_spaniel/n02101388_6564.jpg,train,n02101388_6564.jpg,n02101388-Brittany_spaniel
stanforddogs/train/n02113978-Mexican_hairless/n02113978_2798.jpg,train,n02113978_2798.jpg,n02113978-Mexican_hairless
stanforddogs/train/n02113978-Mexican_hairless/n02113978_1006.jpg,train,n02113978_1006.jpg,n02113978-Mexican_hairless
stanforddogs/train/n02113978-Mexican_hairless/n02113978_356.jpg,train,n02113978_356.jpg,n02113978-Mexican_hairless
stanforddogs/train/n02113978-Mexican_hairless/n02113978_1317.jpg,train,n02113978_1317.jpg,n02113978-Mexican_hairless
stanforddogs/train/n02113978-Mexican_hairless/n02113978_1349.jpg,train,n02113978_1349.jpg,n02113978-Mexican_hairless
stanforddogs/train/n02113023-Pembroke/n02113023_7038.jpg,train,n02113023_7038.jpg,n02113023-Pembroke
stanforddogs/train/n02113023-Pembroke/n02113023_2970.jpg,train,n02113023_2970.jpg,n02113023-Pembroke
stanforddogs/train/n02113023-Pembroke/n02113023_5901.jpg,train,n02113023_5901.jpg,n02113023-Pembroke
stanforddogs/train/n02113023-Pembroke/n02113023_15144.jpg,train,n02113023_15144.jpg,n02113023-Pembroke
stanforddogs/train/n02113023-Pembroke/n02113023_3601.jpg,train,n02113023_3601.jpg,n02113023-Pembroke
stanforddogs/train/n02105162-malinois/n02105162_4569.jpg,train,n02105162_4569.jpg,n02105162-malinois
stanforddogs/train/n02105162-malinois/n02105162_2830.jpg,train,n02105162_2830.jpg,n02105162-malinois
stanforddogs/train/n02105162-malinois/n02105162_6081.jpg,train,n02105162_6081.jpg,n02105162-malinois
stanforddogs/train/n02105162-malinois/n02105162_5548.jpg,train,n02105162_5548.jpg,n02105162-malinois
stanforddogs/train/n02105162-malinois/n02105162_5913.jpg,train,n02105162_5913.jpg,n02105162-malinois
stanforddogs/train/n02102177-Welsh_springer_spaniel/n02102177_3607.jpg,train,n02102177_3607.jpg,n02102177-Welsh_springer_spaniel
stanforddogs/train/n02102177-Welsh_springer_spaniel/n02102177_1874.jpg,train,n02102177_1874.jpg,n02102177-Welsh_springer_spaniel
stanforddogs/train/n02102177-Welsh_springer_spaniel/n02102177_3995.jpg,train,n02102177_3995.jpg,n02102177-Welsh_springer_spaniel
stanforddogs/train/n02102177-Welsh_springer_spaniel/n02102177_2911.jpg,train,n02102177_2911.jpg,n02102177-Welsh_springer_spaniel
stanforddogs/train/n02102177-Welsh_springer_spaniel/n02102177_1509.jpg,train,n02102177_1509.jpg,n02102177-Welsh_springer_spaniel
stanforddogs/train/n02113712-miniature_poodle/n02113712_325.jpg,train,n02113712_325.jpg,n02113712-miniature_poodle
stanforddogs/train/n02113712-miniature_poodle/n02113712_3120.jpg,train,n02113712_3120.jpg,n02113712-miniature_poodle
stanforddogs/train/n02113712-miniature_poodle/n02113712_211.jpg,train,n02113712_211.jpg,n02113712-miniature_poodle
stanforddogs/train/n02113712-miniature_poodle/n02113712_8788.jpg,train,n02113712_8788.jpg,n02113712-miniature_poodle
stanforddogs/train/n02113712-miniature_poodle/n02113712_163.jpg,train,n02113712_163.jpg,n02113712-miniature_poodle
stanforddogs/train/n02109525-Saint_Bernard/n02109525_1880.jpg,train,n02109525_1880.jpg,n02109525-Saint_Bernard
stanforddogs/train/n02109525-Saint_Bernard/n02109525_7016.jpg,train,n02109525_7016.jpg,n02109525-Saint_Bernard
stanforddogs/train/n02109525-Saint_Bernard/n02109525_18371.jpg,train,n02109525_18371.jpg,n02109525-Saint_Bernard
stanforddogs/train/n02109525-Saint_Bernard/n02109525_16215.jpg,train,n02109525_16215.jpg,n02109525-Saint_Bernard
stanforddogs/train/n02109525-Saint_Bernard/n02109525_6663.jpg,train,n02109525_6663.jpg,n02109525-Saint_Bernard
stanforddogs/train/n02111889-Samoyed/n02111889_108.jpg,train,n02111889_108.jpg,n02111889-Samoyed
stanforddogs/train/n02111889-Samoyed/n02111889_14746.jpg,train,n02111889_14746.jpg,n02111889-Samoyed
stanforddogs/train/n02111889-Samoyed/n02111889_3345.jpg,train,n02111889_3345.jpg,n02111889-Samoyed
stanforddogs/train/n02111889-Samoyed/n02111889_2030.jpg,train,n02111889_2030.jpg,n02111889-Samoyed
stanforddogs/train/n02111889-Samoyed/n02111889_12811.jpg,train,n02111889_12811.jpg,n02111889-Samoyed
stanforddogs/train/n02097474-Tibetan_terrier/n02097474_3998.jpg,train,n02097474_3998.jpg,n02097474-Tibetan_terrier
stanforddogs/train/n02097474-Tibetan_terrier/n02097474_36.jpg,train,n02097474_36.jpg,n02097474-Tibetan_terrier
stanforddogs/train/n02097474-Tibetan_terrier/n02097474_2763.jpg,train,n02097474_2763.jpg,n02097474-Tibetan_terrier
stanforddogs/train/n02097474-Tibetan_terrier/n02097474_4589.jpg,train,n02097474_4589.jpg,n02097474-Tibetan_terrier
stanforddogs/train/n02097474-Tibetan_terrier/n02097474_7480.jpg,train,n02097474_7480.jpg,n02097474-Tibetan_terrier
stanforddogs/train/n02088466-bloodhound/n02088466_10335.jpg,train,n02088466_10335.jpg,n02088466-bloodhound
stanforddogs/train/n02088466-bloodhound/n02088466_8772.jpg,train,n02088466_8772.jpg,n02088466-bloodhound
stanforddogs/train/n02088466-bloodhound/n02088466_8645.jpg,train,n02088466_8645.jpg,n02088466-bloodhound
stanforddogs/train/n02088466-bloodhound/n02088466_9237.jpg,train,n02088466_9237.jpg,n02088466-bloodhound
stanforddogs/train/n02088466-bloodhound/n02088466_4178.jpg,train,n02088466_4178.jpg,n02088466-bloodhound
stanforddogs/train/n02115641-dingo/n02115641_6380.jpg,train,n02115641_6380.jpg,n02115641-dingo
stanforddogs/train/n02115641-dingo/n02115641_11604.jpg,train,n02115641_11604.jpg,n02115641-dingo
stanforddogs/train/n02115641-dingo/n02115641_7181.jpg,train,n02115641_7181.jpg,n02115641-dingo
stanforddogs/train/n02115641-dingo/n02115641_8746.jpg,train,n02115641_8746.jpg,n02115641-dingo
stanforddogs/train/n02115641-dingo/n02115641_6707.jpg,train,n02115641_6707.jpg,n02115641-dingo
stanforddogs/train/n02094258-Norwich_terrier/n02094258_3287.jpg,train,n02094258_3287.jpg,n02094258-Norwich_terrier
stanforddogs/train/n02094258-Norwich_terrier/n02094258_61.jpg,train,n02094258_61.jpg,n02094258-Norwich_terrier
stanforddogs/train/n02094258-Norwich_terrier/n02094258_201.jpg,train,n02094258_201.jpg,n02094258-Norwich_terrier
stanforddogs/train/n02094258-Norwich_terrier/n02094258_778.jpg,train,n02094258_778.jpg,n02094258-Norwich_terrier
stanforddogs/train/n02094258-Norwich_terrier/n02094258_752.jpg,train,n02094258_752.jpg,n02094258-Norwich_terrier
stanforddogs/train/n02099849-Chesapeake_Bay_retriever/n02099849_4457.jpg,train,n02099849_4457.jpg,n02099849-Chesapeake_Bay_retriever
stanforddogs/train/n02099849-Chesapeake_Bay_retriever/n02099849_1265.jpg,train,n02099849_1265.jpg,n02099849-Chesapeake_Bay_retriever
stanforddogs/train/n02099849-Chesapeake_Bay_retriever/n02099849_1728.jpg,train,n02099849_1728.jpg,n02099849-Chesapeake_Bay_retriever
stanforddogs/train/n02099849-Chesapeake_Bay_retriever/n02099849_4692.jpg,train,n02099849_4692.jpg,n02099849-Chesapeake_Bay_retriever
stanforddogs/train/n02099849-Chesapeake_Bay_retriever/n02099849_1326.jpg,train,n02099849_1326.jpg,n02099849-Chesapeake_Bay_retriever
stanforddogs/train/n02093428-American_Staffordshire_terrier/n02093428_11926.jpg,train,n02093428_11926.jpg,n02093428-American_Staffordshire_terrier
stanforddogs/train/n02093428-American_Staffordshire_terrier/n02093428_1641.jpg,train,n02093428_1641.jpg,n02093428-American_Staffordshire_terrier
stanforddogs/train/n02093428-American_Staffordshire_terrier/n02093428_3556.jpg,train,n02093428_3556.jpg,n02093428-American_Staffordshire_terrier
stanforddogs/train/n02093428-American_Staffordshire_terrier/n02093428_12624.jpg,train,n02093428_12624.jpg,n02093428-American_Staffordshire_terrier
stanforddogs/train/n02093428-American_Staffordshire_terrier/n02093428_225.jpg,train,n02093428_225.jpg,n02093428-American_Staffordshire_terrier
stanforddogs/train/n02110185-Siberian_husky/n02110185_1130.jpg,train,n02110185_1130.jpg,n02110185-Siberian_husky
stanforddogs/train/n02110185-Siberian_husky/n02110185_4115.jpg,train,n02110185_4115.jpg,n02110185-Siberian_husky
stanforddogs/train/n02110185-Siberian_husky/n02110185_5030.jpg,train,n02110185_5030.jpg,n02110185-Siberian_husky
stanforddogs/train/n02110185-Siberian_husky/n02110185_6850.jpg,train,n02110185_6850.jpg,n02110185-Siberian_husky
stanforddogs/train/n02110185-Siberian_husky/n02110185_7762.jpg,train,n02110185_7762.jpg,n02110185-Siberian_husky
stanforddogs/train/n02085936-Maltese_dog/n02085936_24178.jpg,train,n02085936_24178.jpg,n02085936-Maltese_dog
stanforddogs/train/n02085936-Maltese_dog/n02085936_797.jpg,train,n02085936_797.jpg,n02085936-Maltese_dog
stanforddogs/train/n02085936-Maltese_dog/n02085936_771.jpg,train,n02085936_771.jpg,n02085936-Maltese_dog
stanforddogs/train/n02085936-Maltese_dog/n02085936_8616.jpg,train,n02085936_8616.jpg,n02085936-Maltese_dog
stanforddogs/train/n02085936-Maltese_dog/n02085936_9590.jpg,train,n02085936_9590.jpg,n02085936-Maltese_dog
stanforddogs/train/n02107683-Bernese_mountain_dog/n02107683_3297.jpg,train,n02107683_3297.jpg,n02107683-Bernese_mountain_dog
stanforddogs/train/n02107683-Bernese_mountain_dog/n02107683_6950.jpg,train,n02107683_6950.jpg,n02107683-Bernese_mountain_dog
stanforddogs/train/n02107683-Bernese_mountain_dog/n02107683_4016.jpg,train,n02107683_4016.jpg,n02107683-Bernese_mountain_dog
stanforddogs/train/n02107683-Bernese_mountain_dog/n02107683_3902.jpg,train,n02107683_3902.jpg,n02107683-Bernese_mountain_dog
stanforddogs/train/n02107683-Bernese_mountain_dog/n02107683_5397.jpg,train,n02107683_5397.jpg,n02107683-Bernese_mountain_dog
stanforddogs/train/n02106382-Bouvier_des_Flandres/n02106382_1036.jpg,train,n02106382_1036.jpg,n02106382-Bouvier_des_Flandres
stanforddogs/train/n02106382-Bouvier_des_Flandres/n02106382_1648.jpg,train,n02106382_1648.jpg,n02106382-Bouvier_des_Flandres
stanforddogs/train/n02106382-Bouvier_des_Flandres/n02106382_2083.jpg,train,n02106382_2083.jpg,n02106382-Bouvier_des_Flandres
stanforddogs/train/n02106382-Bouvier_des_Flandres/n02106382_2322.jpg,train,n02106382_2322.jpg,n02106382-Bouvier_des_Flandres
stanforddogs/train/n02106382-Bouvier_des_Flandres/n02106382_442.jpg,train,n02106382_442.jpg,n02106382-Bouvier_des_Flandres
stanforddogs/train/n02102973-Irish_water_spaniel/n02102973_1140.jpg,train,n02102973_1140.jpg,n02102973-Irish_water_spaniel
stanforddogs/train/n02102973-Irish_water_spaniel/n02102973_526.jpg,train,n02102973_526.jpg,n02102973-Irish_water_spaniel
stanforddogs/train/n02102973-Irish_water_spaniel/n02102973_26.jpg,train,n02102973_26.jpg,n02102973-Irish_water_spaniel
stanforddogs/train/n02102973-Irish_water_spaniel/n02102973_721.jpg,train,n02102973_721.jpg,n02102973-Irish_water_spaniel
stanforddogs/train/n02102973-Irish_water_spaniel/n02102973_1299.jpg,train,n02102973_1299.jpg,n02102973-Irish_water_spaniel
stanforddogs/train/n02088632-bluetick/n02088632_2661.jpg,train,n02088632_2661.jpg,n02088632-bluetick
stanforddogs/train/n02088632-bluetick/n02088632_3993.jpg,train,n02088632_3993.jpg,n02088632-bluetick
stanforddogs/train/n02088632-bluetick/n02088632_2055.jpg,train,n02088632_2055.jpg,n02088632-bluetick
stanforddogs/train/n02088632-bluetick/n02088632_2965.jpg,train,n02088632_2965.jpg,n02088632-bluetick
stanforddogs/train/n02088632-bluetick/n02088632_613.jpg,train,n02088632_613.jpg,n02088632-bluetick
stanforddogs/train/n02091831-Saluki/n02091831_9263.jpg,train,n02091831_9263.jpg,n02091831-Saluki
stanforddogs/train/n02091831-Saluki/n02091831_9731.jpg,train,n02091831_9731.jpg,n02091831-Saluki
stanforddogs/train/n02091831-Saluki/n02091831_213.jpg,train,n02091831_213.jpg,n02091831-Saluki
stanforddogs/train/n02091831-Saluki/n02091831_6451.jpg,train,n02091831_6451.jpg,n02091831-Saluki
stanforddogs/train/n02091831-Saluki/n02091831_3061.jpg,train,n02091831_3061.jpg,n02091831-Saluki
stanforddogs/train/n02099267-flat-coated_retriever/n02099267_706.jpg,train,n02099267_706.jpg,n02099267-flat-coated_retriever
stanforddogs/train/n02099267-flat-coated_retriever/n02099267_487.jpg,train,n02099267_487.jpg,n02099267-flat-coated_retriever
stanforddogs/train/n02099267-flat-coated_retriever/n02099267_3493.jpg,train,n02099267_3493.jpg,n02099267-flat-coated_retriever
stanforddogs/train/n02099267-flat-coated_retriever/n02099267_3913.jpg,train,n02099267_3913.jpg,n02099267-flat-coated_retriever
stanforddogs/train/n02099267-flat-coated_retriever/n02099267_5306.jpg,train,n02099267_5306.jpg,n02099267-flat-coated_retriever
stanforddogs/train/n02100583-vizsla/n02100583_917.jpg,train,n02100583_917.jpg,n02100583-vizsla
stanforddogs/train/n02100583-vizsla/n02100583_6740.jpg,train,n02100583_6740.jpg,n02100583-vizsla
stanforddogs/train/n02100583-vizsla/n02100583_10698.jpg,train,n02100583_10698.jpg,n02100583-vizsla
stanforddogs/train/n02100583-vizsla/n02100583_9844.jpg,train,n02100583_9844.jpg,n02100583-vizsla
stanforddogs/train/n02100583-vizsla/n02100583_1318.jpg,train,n02100583_1318.jpg,n02100583-vizsla
stanforddogs/train/n02095889-Sealyham_terrier/n02095889_3159.jpg,train,n02095889_3159.jpg,n02095889-Sealyham_terrier
stanforddogs/train/n02095889-Sealyham_terrier/n02095889_3642.jpg,train,n02095889_3642.jpg,n02095889-Sealyham_terrier
stanforddogs/train/n02095889-Sealyham_terrier/n02095889_1914.jpg,train,n02095889_1914.jpg,n02095889-Sealyham_terrier
stanforddogs/train/n02095889-Sealyham_terrier/n02095889_3354.jpg,train,n02095889_3354.jpg,n02095889-Sealyham_terrier
stanforddogs/train/n02095889-Sealyham_terrier/n02095889_1847.jpg,train,n02095889_1847.jpg,n02095889-Sealyham_terrier
stanforddogs/train/n02096177-cairn/n02096177_9585.jpg,train,n02096177_9585.jpg,n02096177-cairn
stanforddogs/train/n02096177-cairn/n02096177_164.jpg,train,n02096177_164.jpg,n02096177-cairn
stanforddogs/train/n02096177-cairn/n02096177_2917.jpg,train,n02096177_2917.jpg,n02096177-cairn
stanforddogs/train/n02096177-cairn/n02096177_11883.jpg,train,n02096177_11883.jpg,n02096177-cairn
stanforddogs/train/n02096177-cairn/n02096177_6298.jpg,train,n02096177_6298.jpg,n02096177-cairn
stanforddogs/train/n02093754-Border_terrier/n02093754_1256.jpg,train,n02093754_1256.jpg,n02093754-Border_terrier
stanforddogs/train/n02093754-Border_terrier/n02093754_6992.jpg,train,n02093754_6992.jpg,n02093754-Border_terrier
stanforddogs/train/n02093754-Border_terrier/n02093754_234.jpg,train,n02093754_234.jpg,n02093754-Border_terrier
stanforddogs/train/n02093754-Border_terrier/n02093754_1536.jpg,train,n02093754_1536.jpg,n02093754-Border_terrier
stanforddogs/train/n02093754-Border_terrier/n02093754_4285.jpg,train,n02093754_4285.jpg,n02093754-Border_terrier
stanforddogs/train/n02113799-standard_poodle/n02113799_2291.jpg,train,n02113799_2291.jpg,n02113799-standard_poodle
stanforddogs/train/n02113799-standard_poodle/n02113799_2648.jpg,train,n02113799_2648.jpg,n02113799-standard_poodle
stanforddogs/train/n02113799-standard_poodle/n02113799_6730.jpg,train,n02113799_6730.jpg,n02113799-standard_poodle
stanforddogs/train/n02113799-standard_poodle/n02113799_1144.jpg,train,n02113799_1144.jpg,n02113799-standard_poodle
stanforddogs/train/n02113799-standard_poodle/n02113799_1864.jpg,train,n02113799_1864.jpg,n02113799-standard_poodle
stanforddogs/train/n02106662-German_shepherd/n02106662_26549.jpg,train,n02106662_26549.jpg,n02106662-German_shepherd
stanforddogs/train/n02106662-German_shepherd/n02106662_5929.jpg,train,n02106662_5929.jpg,n02106662-German_shepherd
stanforddogs/train/n02106662-German_shepherd/n02106662_21094.jpg,train,n02106662_21094.jpg,n02106662-German_shepherd
stanforddogs/train/n02106662-German_shepherd/n02106662_26335.jpg,train,n02106662_26335.jpg,n02106662-German_shepherd
stanforddogs/train/n02106662-German_shepherd/n02106662_248.jpg,train,n02106662_248.jpg,n02106662-German_shepherd
stanforddogs/train/n02090379-redbone/n02090379_2463.jpg,train,n02090379_2463.jpg,n02090379-redbone
stanforddogs/train/n02090379-redbone/n02090379_3943.jpg,train,n02090379_3943.jpg,n02090379-redbone
stanforddogs/train/n02090379-redbone/n02090379_4138.jpg,train,n02090379_4138.jpg,n02090379-redbone
stanforddogs/train/n02090379-redbone/n02090379_1348.jpg,train,n02090379_1348.jpg,n02090379-redbone
stanforddogs/train/n02090379-redbone/n02090379_3109.jpg,train,n02090379_3109.jpg,n02090379-redbone
stanforddogs/train/n02108000-EntleBucher/n02108000_355.jpg,train,n02108000_355.jpg,n02108000-EntleBucher
stanforddogs/train/n02108000-EntleBucher/n02108000_970.jpg,train,n02108000_970.jpg,n02108000-EntleBucher
stanforddogs/train/n02108000-EntleBucher/n02108000_866.jpg,train,n02108000_866.jpg,n02108000-EntleBucher
stanforddogs/train/n02108000-EntleBucher/n02108000_3296.jpg,train,n02108000_3296.jpg,n02108000-EntleBucher
stanforddogs/train/n02108000-EntleBucher/n02108000_654.jpg,train,n02108000_654.jpg,n02108000-EntleBucher
stanforddogs/train/n02111500-Great_Pyrenees/n02111500_9018.jpg,train,n02111500_9018.jpg,n02111500-Great_Pyrenees
stanforddogs/train/n02111500-Great_Pyrenees/n02111500_3052.jpg,train,n02111500_3052.jpg,n02111500-Great_Pyrenees
stanforddogs/train/n02111500-Great_Pyrenees/n02111500_855.jpg,train,n02111500_855.jpg,n02111500-Great_Pyrenees
stanforddogs/train/n02111500-Great_Pyrenees/n02111500_3333.jpg,train,n02111500_3333.jpg,n02111500-Great_Pyrenees
stanforddogs/train/n02111500-Great_Pyrenees/n02111500_1358.jpg,train,n02111500_1358.jpg,n02111500-Great_Pyrenees
stanforddogs/train/n02096294-Australian_terrier/n02096294_5774.jpg,train,n02096294_5774.jpg,n02096294-Australian_terrier
stanforddogs/train/n02096294-Australian_terrier/n02096294_3105.jpg,train,n02096294_3105.jpg,n02096294-Australian_terrier
stanforddogs/train/n02096294-Australian_terrier/n02096294_1411.jpg,train,n02096294_1411.jpg,n02096294-Australian_terrier
stanforddogs/train/n02096294-Australian_terrier/n02096294_5587.jpg,train,n02096294_5587.jpg,n02096294-Australian_terrier
stanforddogs/train/n02096294-Australian_terrier/n02096294_1147.jpg,train,n02096294_1147.jpg,n02096294-Australian_terrier
stanforddogs/train/n02086240-Shih-Tzu/n02086240_968.jpg,train,n02086240_968.jpg,n02086240-Shih-Tzu
stanforddogs/train/n02086240-Shih-Tzu/n02086240_12315.jpg,train,n02086240_12315.jpg,n02086240-Shih-Tzu
stanforddogs/train/n02086240-Shih-Tzu/n02086240_9098.jpg,train,n02086240_9098.jpg,n02086240-Shih-Tzu
stanforddogs/train/n02086240-Shih-Tzu/n02086240_6819.jpg,train,n02086240_6819.jpg,n02086240-Shih-Tzu
stanforddogs/train/n02086240-Shih-Tzu/n02086240_11539.jpg,train,n02086240_11539.jpg,n02086240-Shih-Tzu
stanforddogs/train/n02105505-komondor/n02105505_2037.jpg,train,n02105505_2037.jpg,n02105505-komondor
stanforddogs/train/n02105505-komondor/n02105505_3792.jpg,train,n02105505_3792.jpg,n02105505-komondor
stanforddogs/train/n02105505-komondor/n02105505_4382.jpg,train,n02105505_4382.jpg,n02105505-komondor
stanforddogs/train/n02105505-komondor/n02105505_358.jpg,train,n02105505_358.jpg,n02105505-komondor
stanforddogs/train/n02105505-komondor/n02105505_1443.jpg,train,n02105505_1443.jpg,n02105505-komondor
stanforddogs/train/n02093859-Kerry_blue_terrier/n02093859_3231.jpg,train,n02093859_3231.jpg,n02093859-Kerry_blue_terrier
stanforddogs/train/n02093859-Kerry_blue_terrier/n02093859_49.jpg,train,n02093859_49.jpg,n02093859-Kerry_blue_terrier
stanforddogs/train/n02093859-Kerry_blue_terrier/n02093859_2098.jpg,train,n02093859_2098.jpg,n02093859-Kerry_blue_terrier
stanforddogs/train/n02093859-Kerry_blue_terrier/n02093859_3267.jpg,train,n02093859_3267.jpg,n02093859-Kerry_blue_terrier
stanforddogs/train/n02093859-Kerry_blue_terrier/n02093859_3030.jpg,train,n02093859_3030.jpg,n02093859-Kerry_blue_terrier
stanforddogs/train/n02107908-Appenzeller/n02107908_2719.jpg,train,n02107908_2719.jpg,n02107908-Appenzeller
stanforddogs/train/n02107908-Appenzeller/n02107908_7316.jpg,train,n02107908_7316.jpg,n02107908-Appenzeller
stanforddogs/train/n02107908-Appenzeller/n02107908_5254.jpg,train,n02107908_5254.jpg,n02107908-Appenzeller
stanforddogs/train/n02107908-Appenzeller/n02107908_895.jpg,train,n02107908_895.jpg,n02107908-Appenzeller
stanforddogs/train/n02107908-Appenzeller/n02107908_396.jpg,train,n02107908_396.jpg,n02107908-Appenzeller
stanforddogs/train/n02100735-English_setter/n02100735_3194.jpg,train,n02100735_3194.jpg,n02100735-English_setter
stanforddogs/train/n02100735-English_setter/n02100735_2086.jpg,train,n02100735_2086.jpg,n02100735-English_setter
stanforddogs/train/n02100735-English_setter/n02100735_7847.jpg,train,n02100735_7847.jpg,n02100735-English_setter
stanforddogs/train/n02100735-English_setter/n02100735_10038.jpg,train,n02100735_10038.jpg,n02100735-English_setter
stanforddogs/train/n02100735-English_setter/n02100735_5435.jpg,train,n02100735_5435.jpg,n02100735-English_setter
stanforddogs/train/n02107142-Doberman/n02107142_2153.jpg,train,n02107142_2153.jpg,n02107142-Doberman
stanforddogs/train/n02107142-Doberman/n02107142_4013.jpg,train,n02107142_4013.jpg,n02107142-Doberman
stanforddogs/train/n02107142-Doberman/n02107142_3621.jpg,train,n02107142_3621.jpg,n02107142-Doberman
stanforddogs/train/n02107142-Doberman/n02107142_3741.jpg,train,n02107142_3741.jpg,n02107142-Doberman
stanforddogs/train/n02107142-Doberman/n02107142_18196.jpg,train,n02107142_18196.jpg,n02107142-Doberman
stanforddogs/train/n02088238-basset/n02088238_5441.jpg,train,n02088238_5441.jpg,n02088238-basset
stanforddogs/train/n02088238-basset/n02088238_13608.jpg,train,n02088238_13608.jpg,n02088238-basset
stanforddogs/train/n02088238-basset/n02088238_11635.jpg,train,n02088238_11635.jpg,n02088238-basset
stanforddogs/train/n02088238-basset/n02088238_9626.jpg,train,n02088238_9626.jpg,n02088238-basset
stanforddogs/train/n02088238-basset/n02088238_490.jpg,train,n02088238_490.jpg,n02088238-basset
stanforddogs/train/n02090721-Irish_wolfhound/n02090721_311.jpg,train,n02090721_311.jpg,n02090721-Irish_wolfhound
stanforddogs/train/n02090721-Irish_wolfhound/n02090721_4290.jpg,train,n02090721_4290.jpg,n02090721-Irish_wolfhound
stanforddogs/train/n02090721-Irish_wolfhound/n02090721_943.jpg,train,n02090721_943.jpg,n02090721-Irish_wolfhound
stanforddogs/train/n02090721-Irish_wolfhound/n02090721_1862.jpg,train,n02090721_1862.jpg,n02090721-Irish_wolfhound
stanforddogs/train/n02090721-Irish_wolfhound/n02090721_5880.jpg,train,n02090721_5880.jpg,n02090721-Irish_wolfhound
stanforddogs/train/n02093991-Irish_terrier/n02093991_3020.jpg,train,n02093991_3020.jpg,n02093991-Irish_terrier
stanforddogs/train/n02093991-Irish_terrier/n02093991_3838.jpg,train,n02093991_3838.jpg,n02093991-Irish_terrier
stanforddogs/train/n02093991-Irish_terrier/n02093991_4306.jpg,train,n02093991_4306.jpg,n02093991-Irish_terrier
stanforddogs/train/n02093991-Irish_terrier/n02093991_3935.jpg,train,n02093991_3935.jpg,n02093991-Irish_terrier
stanforddogs/train/n02093991-Irish_terrier/n02093991_2005.jpg,train,n02093991_2005.jpg,n02093991-Irish_terrier
stanforddogs/train/n02106550-Rottweiler/n02106550_13226.jpg,train,n02106550_13226.jpg,n02106550-Rottweiler
stanforddogs/train/n02106550-Rottweiler/n02106550_4254.jpg,train,n02106550_4254.jpg,n02106550-Rottweiler
stanforddogs/train/n02106550-Rottweiler/n02106550_3237.jpg,train,n02106550_3237.jpg,n02106550-Rottweiler
stanforddogs/train/n02106550-Rottweiler/n02106550_8024.jpg,train,n02106550_8024.jpg,n02106550-Rottweiler
stanforddogs/train/n02106550-Rottweiler/n02106550_10714.jpg,train,n02106550_10714.jpg,n02106550-Rottweiler
stanforddogs/train/n02112706-Brabancon_griffon/n02112706_1805.jpg,train,n02112706_1805.jpg,n02112706-Brabancon_griffon
stanforddogs/train/n02112706-Brabancon_griffon/n02112706_2269.jpg,train,n02112706_2269.jpg,n02112706-Brabancon_griffon
stanforddogs/train/n02112706-Brabancon_griffon/n02112706_2188.jpg,train,n02112706_2188.jpg,n02112706-Brabancon_griffon
stanforddogs/train/n02112706-Brabancon_griffon/n02112706_256.jpg,train,n02112706_256.jpg,n02112706-Brabancon_griffon
stanforddogs/train/n02112706-Brabancon_griffon/n02112706_1102.jpg,train,n02112706_1102.jpg,n02112706-Brabancon_griffon
stanforddogs/train/n02110063-malamute/n02110063_1581.jpg,train,n02110063_1581.jpg,n02110063-malamute
stanforddogs/train/n02110063-malamute/n02110063_6458.jpg,train,n02110063_6458.jpg,n02110063-malamute
stanforddogs/train/n02110063-malamute/n02110063_11814.jpg,train,n02110063_11814.jpg,n02110063-malamute
stanforddogs/train/n02110063-malamute/n02110063_17533.jpg,train,n02110063_17533.jpg,n02110063-malamute
stanforddogs/train/n02110063-malamute/n02110063_49.jpg,train,n02110063_49.jpg,n02110063-malamute
stanforddogs/train/n02086646-Blenheim_spaniel/n02086646_1621.jpg,train,n02086646_1621.jpg,n02086646-Blenheim_spaniel
stanforddogs/train/n02086646-Blenheim_spaniel/n02086646_3629.jpg,train,n02086646_3629.jpg,n02086646-Blenheim_spaniel
stanforddogs/train/n02086646-Blenheim_spaniel/n02086646_946.jpg,train,n02086646_946.jpg,n02086646-Blenheim_spaniel
stanforddogs/train/n02086646-Blenheim_spaniel/n02086646_471.jpg,train,n02086646_471.jpg,n02086646-Blenheim_spaniel
stanforddogs/train/n02086646-Blenheim_spaniel/n02086646_982.jpg,train,n02086646_982.jpg,n02086646-Blenheim_spaniel
stanforddogs/train/n02097209-standard_schnauzer/n02097209_1514.jpg,train,n02097209_1514.jpg,n02097209-standard_schnauzer
stanforddogs/train/n02097209-standard_schnauzer/n02097209_597.jpg,train,n02097209_597.jpg,n02097209-standard_schnauzer
stanforddogs/train/n02097209-standard_schnauzer/n02097209_2813.jpg,train,n02097209_2813.jpg,n02097209-standard_schnauzer
stanforddogs/train/n02097209-standard_schnauzer/n02097209_2432.jpg,train,n02097209_2432.jpg,n02097209-standard_schnauzer
stanforddogs/train/n02097209-standard_schnauzer/n02097209_2924.jpg,train,n02097209_2924.jpg,n02097209-standard_schnauzer
stanforddogs/train/n02086079-Pekinese/n02086079_10615.jpg,train,n02086079_10615.jpg,n02086079-Pekinese
stanforddogs/train/n02086079-Pekinese/n02086079_9408.jpg,train,n02086079_9408.jpg,n02086079-Pekinese
stanforddogs/train/n02086079-Pekinese/n02086079_869.jpg,train,n02086079_869.jpg,n02086079-Pekinese
stanforddogs/train/n02086079-Pekinese/n02086079_4456.jpg,train,n02086079_4456.jpg,n02086079-Pekinese
stanforddogs/train/n02086079-Pekinese/n02086079_8595.jpg,train,n02086079_8595.jpg,n02086079-Pekinese
stanforddogs/train/n02095570-Lakeland_terrier/n02095570_3035.jpg,train,n02095570_3035.jpg,n02095570-Lakeland_terrier
stanforddogs/train/n02095570-Lakeland_terrier/n02095570_4161.jpg,train,n02095570_4161.jpg,n02095570-Lakeland_terrier
stanforddogs/train/n02095570-Lakeland_terrier/n02095570_315.jpg,train,n02095570_315.jpg,n02095570-Lakeland_terrier
stanforddogs/train/n02095570-Lakeland_terrier/n02095570_916.jpg,train,n02095570_916.jpg,n02095570-Lakeland_terrier
stanforddogs/train/n02095570-Lakeland_terrier/n02095570_5276.jpg,train,n02095570_5276.jpg,n02095570-Lakeland_terrier
stanforddogs/train/n02101006-Gordon_setter/n02101006_18.jpg,train,n02101006_18.jpg,n02101006-Gordon_setter
stanforddogs/train/n02101006-Gordon_setter/n02101006_3914.jpg,train,n02101006_3914.jpg,n02101006-Gordon_setter
stanforddogs/train/n02101006-Gordon_setter/n02101006_208.jpg,train,n02101006_208.jpg,n02101006-Gordon_setter
stanforddogs/train/n02101006-Gordon_setter/n02101006_134.jpg,train,n02101006_134.jpg,n02101006-Gordon_setter
stanforddogs/train/n02101006-Gordon_setter/n02101006_2540.jpg,train,n02101006_2540.jpg,n02101006-Gordon_setter
stanforddogs/train/n02095314-wire-haired_fox_terrier/n02095314_691.jpg,train,n02095314_691.jpg,n02095314-wire-haired_fox_terrier
stanforddogs/train/n02095314-wire-haired_fox_terrier/n02095314_2683.jpg,train,n02095314_2683.jpg,n02095314-wire-haired_fox_terrier
stanforddogs/train/n02095314-wire-haired_fox_terrier/n02095314_807.jpg,train,n02095314_807.jpg,n02095314-wire-haired_fox_terrier
stanforddogs/train/n02095314-wire-haired_fox_terrier/n02095314_1894.jpg,train,n02095314_1894.jpg,n02095314-wire-haired_fox_terrier
stanforddogs/train/n02095314-wire-haired_fox_terrier/n02095314_2472.jpg,train,n02095314_2472.jpg,n02095314-wire-haired_fox_terrier
stanforddogs/train/n02096585-Boston_bull/n02096585_1856.jpg,train,n02096585_1856.jpg,n02096585-Boston_bull
stanforddogs/train/n02096585-Boston_bull/n02096585_2394.jpg,train,n02096585_2394.jpg,n02096585-Boston_bull
stanforddogs/train/n02096585-Boston_bull/n02096585_1572.jpg,train,n02096585_1572.jpg,n02096585-Boston_bull
stanforddogs/train/n02096585-Boston_bull/n02096585_7859.jpg,train,n02096585_7859.jpg,n02096585-Boston_bull
stanforddogs/train/n02096585-Boston_bull/n02096585_2374.jpg,train,n02096585_2374.jpg,n02096585-Boston_bull
stanforddogs/train/n02099601-golden_retriever/n02099601_6105.jpg,train,n02099601_6105.jpg,n02099601-golden_retriever
stanforddogs/train/n02099601-golden_retriever/n02099601_4678.jpg,train,n02099601_4678.jpg,n02099601-golden_retriever
stanforddogs/train/n02099601-golden_retriever/n02099601_3360.jpg,train,n02099601_3360.jpg,n02099601-golden_retriever
stanforddogs/train/n02099601-golden_retriever/n02099601_1442.jpg,train,n02099601_1442.jpg,n02099601-golden_retriever
stanforddogs/train/n02099601-golden_retriever/n02099601_3569.jpg,train,n02099601_3569.jpg,n02099601-golden_retriever
stanforddogs/train/n02093256-Staffordshire_bullterrier/n02093256_5820.jpg,train,n02093256_5820.jpg,n02093256-Staffordshire_bullterrier
stanforddogs/train/n02093256-Staffordshire_bullterrier/n02093256_272.jpg,train,n02093256_272.jpg,n02093256-Staffordshire_bullterrier
stanforddogs/train/n02093256-Staffordshire_bullterrier/n02093256_4997.jpg,train,n02093256_4997.jpg,n02093256-Staffordshire_bullterrier
stanforddogs/train/n02093256-Staffordshire_bullterrier/n02093256_5134.jpg,train,n02093256_5134.jpg,n02093256-Staffordshire_bullterrier
stanforddogs/train/n02093256-Staffordshire_bullterrier/n02093256_6158.jpg,train,n02093256_6158.jpg,n02093256-Staffordshire_bullterrier
stanforddogs/train/n02109961-Eskimo_dog/n02109961_12338.jpg,train,n02109961_12338.jpg,n02109961-Eskimo_dog
stanforddogs/train/n02109961-Eskimo_dog/n02109961_3902.jpg,train,n02109961_3902.jpg,n02109961-Eskimo_dog
stanforddogs/train/n02109961-Eskimo_dog/n02109961_13077.jpg,train,n02109961_13077.jpg,n02109961-Eskimo_dog
stanforddogs/train/n02109961-Eskimo_dog/n02109961_3810.jpg,train,n02109961_3810.jpg,n02109961-Eskimo_dog
stanforddogs/train/n02109961-Eskimo_dog/n02109961_5684.jpg,train,n02109961_5684.jpg,n02109961-Eskimo_dog
stanforddogs/train/n02110958-pug/n02110958_14179.jpg,train,n02110958_14179.jpg,n02110958-pug
stanforddogs/train/n02110958-pug/n02110958_16217.jpg,train,n02110958_16217.jpg,n02110958-pug
stanforddogs/train/n02110958-pug/n02110958_8513.jpg,train,n02110958_8513.jpg,n02110958-pug
stanforddogs/train/n02110958-pug/n02110958_16150.jpg,train,n02110958_16150.jpg,n02110958-pug
stanforddogs/train/n02110958-pug/n02110958_13439.jpg,train,n02110958_13439.jpg,n02110958-pug
stanforddogs/train/n02086910-papillon/n02086910_10147.jpg,train,n02086910_10147.jpg,n02086910-papillon
stanforddogs/train/n02086910-papillon/n02086910_7426.jpg,train,n02086910_7426.jpg,n02086910-papillon
stanforddogs/train/n02086910-papillon/n02086910_4623.jpg,train,n02086910_4623.jpg,n02086910-papillon
stanforddogs/train/n02086910-papillon/n02086910_5942.jpg,train,n02086910_5942.jpg,n02086910-papillon
stanforddogs/train/n02086910-papillon/n02086910_6293.jpg,train,n02086910_6293.jpg,n02086910-papillon
stanforddogs/train/n02106030-collie/n02106030_16268.jpg,train,n02106030_16268.jpg,n02106030-collie
stanforddogs/train/n02106030-collie/n02106030_16509.jpg,train,n02106030_16509.jpg,n02106030-collie
stanforddogs/train/n02106030-collie/n02106030_10377.jpg,train,n02106030_10377.jpg,n02106030-collie
stanforddogs/train/n02106030-collie/n02106030_12670.jpg,train,n02106030_12670.jpg,n02106030-collie
stanforddogs/train/n02106030-collie/n02106030_7689.jpg,train,n02106030_7689.jpg,n02106030-collie
stanforddogs/train/n02111277-Newfoundland/n02111277_3034.jpg,train,n02111277_3034.jpg,n02111277-Newfoundland
stanforddogs/train/n02111277-Newfoundland/n02111277_2038.jpg,train,n02111277_2038.jpg,n02111277-Newfoundland
stanforddogs/train/n02111277-Newfoundland/n02111277_1177.jpg,train,n02111277_1177.jpg,n02111277-Newfoundland
stanforddogs/train/n02111277-Newfoundland/n02111277_11433.jpg,train,n02111277_11433.jpg,n02111277-Newfoundland
stanforddogs/train/n02111277-Newfoundland/n02111277_5964.jpg,train,n02111277_5964.jpg,n02111277-Newfoundland
stanforddogs/train/n02112137-chow/n02112137_16520.jpg,train,n02112137_16520.jpg,n02112137-chow
stanforddogs/train/n02112137-chow/n02112137_2231.jpg,train,n02112137_2231.jpg,n02112137-chow
stanforddogs/train/n02112137-chow/n02112137_2739.jpg,train,n02112137_2739.jpg,n02112137-chow
stanforddogs/train/n02112137-chow/n02112137_1251.jpg,train,n02112137_1251.jpg,n02112137-chow
stanforddogs/train/n02112137-chow/n02112137_7645.jpg,train,n02112137_7645.jpg,n02112137-chow
stanforddogs/train/n02098105-soft-coated_wheaten_terrier/n02098105_2872.jpg,train,n02098105_2872.jpg,n02098105-soft-coated_wheaten_terrier
stanforddogs/train/n02098105-soft-coated_wheaten_terrier/n02098105_214.jpg,train,n02098105_214.jpg,n02098105-soft-coated_wheaten_terrier
stanforddogs/train/n02098105-soft-coated_wheaten_terrier/n02098105_2897.jpg,train,n02098105_2897.jpg,n02098105-soft-coated_wheaten_terrier
stanforddogs/train/n02098105-soft-coated_wheaten_terrier/n02098105_1190.jpg,train,n02098105_1190.jpg,n02098105-soft-coated_wheaten_terrier
stanforddogs/train/n02098105-soft-coated_wheaten_terrier/n02098105_2214.jpg,train,n02098105_2214.jpg,n02098105-soft-coated_wheaten_terrier
stanforddogs/train/n02111129-Leonberg/n02111129_1851.jpg,train,n02111129_1851.jpg,n02111129-Leonberg
stanforddogs/train/n02111129-Leonberg/n02111129_2168.jpg,train,n02111129_2168.jpg,n02111129-Leonberg
stanforddogs/train/n02111129-Leonberg/n02111129_314.jpg,train,n02111129_314.jpg,n02111129-Leonberg
stanforddogs/train/n02111129-Leonberg/n02111129_1215.jpg,train,n02111129_1215.jpg,n02111129-Leonberg
stanforddogs/train/n02111129-Leonberg/n02111129_571.jpg,train,n02111129_571.jpg,n02111129-Leonberg
stanforddogs/train/n02085620-Chihuahua/n02085620_8491.jpg,train,n02085620_8491.jpg,n02085620-Chihuahua
stanforddogs/train/n02085620-Chihuahua/n02085620_9351.jpg,train,n02085620_9351.jpg,n02085620-Chihuahua
stanforddogs/train/n02085620-Chihuahua/n02085620_9399.jpg,train,n02085620_9399.jpg,n02085620-Chihuahua
stanforddogs/train/n02085620-Chihuahua/n02085620_3838.jpg,train,n02085620_3838.jpg,n02085620-Chihuahua
stanforddogs/train/n02085620-Chihuahua/n02085620_473.jpg,train,n02085620_473.jpg,n02085620-Chihuahua
stanforddogs/train/n02113624-toy_poodle/n02113624_3960.jpg,train,n02113624_3960.jpg,n02113624-toy_poodle
stanforddogs/train/n02113624-toy_poodle/n02113624_5723.jpg,train,n02113624_5723.jpg,n02113624-toy_poodle
stanforddogs/train/n02113624-toy_poodle/n02113624_5442.jpg,train,n02113624_5442.jpg,n02113624-toy_poodle
stanforddogs/train/n02113624-toy_poodle/n02113624_2223.jpg,train,n02113624_2223.jpg,n02113624-toy_poodle
stanforddogs/train/n02113624-toy_poodle/n02113624_3462.jpg,train,n02113624_3462.jpg,n02113624-toy_poodle
stanforddogs/train/n02092339-Weimaraner/n02092339_4633.jpg,train,n02092339_4633.jpg,n02092339-Weimaraner
stanforddogs/train/n02092339-Weimaraner/n02092339_6430.jpg,train,n02092339_6430.jpg,n02092339-Weimaraner
stanforddogs/train/n02092339-Weimaraner/n02092339_3306.jpg,train,n02092339_3306.jpg,n02092339-Weimaraner
stanforddogs/train/n02092339-Weimaraner/n02092339_436.jpg,train,n02092339_436.jpg,n02092339-Weimaraner
stanforddogs/train/n02092339-Weimaraner/n02092339_4378.jpg,train,n02092339_4378.jpg,n02092339-Weimaraner
stanforddogs/train/n02107574-Greater_Swiss_Mountain_dog/n02107574_330.jpg,train,n02107574_330.jpg,n02107574-Greater_Swiss_Mountain_dog
stanforddogs/train/n02107574-Greater_Swiss_Mountain_dog/n02107574_1472.jpg,train,n02107574_1472.jpg,n02107574-Greater_Swiss_Mountain_dog
stanforddogs/train/n02107574-Greater_Swiss_Mountain_dog/n02107574_1597.jpg,train,n02107574_1597.jpg,n02107574-Greater_Swiss_Mountain_dog
stanforddogs/train/n02107574-Greater_Swiss_Mountain_dog/n02107574_2352.jpg,train,n02107574_2352.jpg,n02107574-Greater_Swiss_Mountain_dog
stanforddogs/train/n02107574-Greater_Swiss_Mountain_dog/n02107574_306.jpg,train,n02107574_306.jpg,n02107574-Greater_Swiss_Mountain_dog
stanforddogs/train/n02108551-Tibetan_mastiff/n02108551_786.jpg,train,n02108551_786.jpg,n02108551-Tibetan_mastiff
stanforddogs/train/n02108551-Tibetan_mastiff/n02108551_3147.jpg,train,n02108551_3147.jpg,n02108551-Tibetan_mastiff
stanforddogs/train/n02108551-Tibetan_mastiff/n02108551_2550.jpg,train,n02108551_2550.jpg,n02108551-Tibetan_mastiff
stanforddogs/train/n02108551-Tibetan_mastiff/n02108551_441.jpg,train,n02108551_441.jpg,n02108551-Tibetan_mastiff
stanforddogs/train/n02108551-Tibetan_mastiff/n02108551_12438.jpg,train,n02108551_12438.jpg,n02108551-Tibetan_mastiff
stanforddogs/train/n02105412-kelpie/n02105412_6120.jpg,train,n02105412_6120.jpg,n02105412-kelpie
stanforddogs/train/n02105412-kelpie/n02105412_2391.jpg,train,n02105412_2391.jpg,n02105412-kelpie
stanforddogs/train/n02105412-kelpie/n02105412_5737.jpg,train,n02105412_5737.jpg,n02105412-kelpie
stanforddogs/train/n02105412-kelpie/n02105412_2333.jpg,train,n02105412_2333.jpg,n02105412-kelpie
stanforddogs/train/n02105412-kelpie/n02105412_730.jpg,train,n02105412_730.jpg,n02105412-kelpie
stanforddogs/train/n02109047-Great_Dane/n02109047_31830.jpg,train,n02109047_31830.jpg,n02109047-Great_Dane
stanforddogs/train/n02109047-Great_Dane/n02109047_12193.jpg,train,n02109047_12193.jpg,n02109047-Great_Dane
stanforddogs/train/n02109047-Great_Dane/n02109047_2859.jpg,train,n02109047_2859.jpg,n02109047-Great_Dane
stanforddogs/train/n02109047-Great_Dane/n02109047_23483.jpg,train,n02109047_23483.jpg,n02109047-Great_Dane
stanforddogs/train/n02109047-Great_Dane/n02109047_13744.jpg,train,n02109047_13744.jpg,n02109047-Great_Dane
stanforddogs/train/n02090622-borzoi/n02090622_8610.jpg,train,n02090622_8610.jpg,n02090622-borzoi
stanforddogs/train/n02090622-borzoi/n02090622_10619.jpg,train,n02090622_10619.jpg,n02090622-borzoi
stanforddogs/train/n02090622-borzoi/n02090622_6971.jpg,train,n02090622_6971.jpg,n02090622-borzoi
stanforddogs/train/n02090622-borzoi/n02090622_2337.jpg,train,n02090622_2337.jpg,n02090622-borzoi
stanforddogs/train/n02090622-borzoi/n02090622_7489.jpg,train,n02090622_7489.jpg,n02090622-borzoi
stanforddogs/train/n02096437-Dandie_Dinmont/n02096437_2364.jpg,train,n02096437_2364.jpg,n02096437-Dandie_Dinmont
stanforddogs/train/n02096437-Dandie_Dinmont/n02096437_4.jpg,train,n02096437_4.jpg,n02096437-Dandie_Dinmont
stanforddogs/train/n02096437-Dandie_Dinmont/n02096437_3427.jpg,train,n02096437_3427.jpg,n02096437-Dandie_Dinmont
stanforddogs/train/n02096437-Dandie_Dinmont/n02096437_3860.jpg,train,n02096437_3860.jpg,n02096437-Dandie_Dinmont
stanforddogs/train/n02096437-Dandie_Dinmont/n02096437_48.jpg,train,n02096437_48.jpg,n02096437-Dandie_Dinmont
stanforddogs/train/n02089078-black-and-tan_coonhound/n02089078_2282.jpg,train,n02089078_2282.jpg,n02089078-black-and-tan_coonhound
stanforddogs/train/n02089078-black-and-tan_coonhound/n02089078_695.jpg,train,n02089078_695.jpg,n02089078-black-and-tan_coonhound
stanforddogs/train/n02089078-black-and-tan_coonhound/n02089078_461.jpg,train,n02089078_461.jpg,n02089078-black-and-tan_coonhound
stanforddogs/train/n02089078-black-and-tan_coonhound/n02089078_1021.jpg,train,n02089078_1021.jpg,n02089078-black-and-tan_coonhound
stanforddogs/train/n02089078-black-and-tan_coonhound/n02089078_2829.jpg,train,n02089078_2829.jpg,n02089078-black-and-tan_coonhound
stanforddogs/train/n02105056-groenendael/n02105056_3471.jpg,train,n02105056_3471.jpg,n02105056-groenendael
stanforddogs/train/n02105056-groenendael/n02105056_7112.jpg,train,n02105056_7112.jpg,n02105056-groenendael
stanforddogs/train/n02105056-groenendael/n02105056_5668.jpg,train,n02105056_5668.jpg,n02105056-groenendael
stanforddogs/train/n02105056-groenendael/n02105056_4334.jpg,train,n02105056_4334.jpg,n02105056-groenendael
stanforddogs/train/n02105056-groenendael/n02105056_5352.jpg,train,n02105056_5352.jpg,n02105056-groenendael
stanforddogs/train/n02097130-giant_schnauzer/n02097130_1438.jpg,train,n02097130_1438.jpg,n02097130-giant_schnauzer
stanforddogs/train/n02097130-giant_schnauzer/n02097130_310.jpg,train,n02097130_310.jpg,n02097130-giant_schnauzer
stanforddogs/train/n02097130-giant_schnauzer/n02097130_4558.jpg,train,n02097130_4558.jpg,n02097130-giant_schnauzer
stanforddogs/train/n02097130-giant_schnauzer/n02097130_2969.jpg,train,n02097130_2969.jpg,n02097130-giant_schnauzer
stanforddogs/train/n02097130-giant_schnauzer/n02097130_5432.jpg,train,n02097130_5432.jpg,n02097130-giant_schnauzer
stanforddogs/train/n02104365-schipperke/n02104365_6930.jpg,train,n02104365_6930.jpg,n02104365-schipperke
stanforddogs/train/n02104365-schipperke/n02104365_9004.jpg,train,n02104365_9004.jpg,n02104365-schipperke
stanforddogs/train/n02104365-schipperke/n02104365_7906.jpg,train,n02104365_7906.jpg,n02104365-schipperke
stanforddogs/train/n02104365-schipperke/n02104365_6131.jpg,train,n02104365_6131.jpg,n02104365-schipperke
stanforddogs/train/n02104365-schipperke/n02104365_9489.jpg,train,n02104365_9489.jpg,n02104365-schipperke
stanforddogs/train/n02106166-Border_collie/n02106166_4733.jpg,train,n02106166_4733.jpg,n02106166-Border_collie
stanforddogs/train/n02106166-Border_collie/n02106166_1128.jpg,train,n02106166_1128.jpg,n02106166-Border_collie
stanforddogs/train/n02106166-Border_collie/n02106166_324.jpg,train,n02106166_324.jpg,n02106166-Border_collie
stanforddogs/train/n02106166-Border_collie/n02106166_5607.jpg,train,n02106166_5607.jpg,n02106166-Border_collie
stanforddogs/train/n02106166-Border_collie/n02106166_117.jpg,train,n02106166_117.jpg,n02106166-Border_collie
stanforddogs/train/n02108089-boxer/n02108089_5753.jpg,train,n02108089_5753.jpg,n02108089-boxer
stanforddogs/train/n02108089-boxer/n02108089_14719.jpg,train,n02108089_14719.jpg,n02108089-boxer
stanforddogs/train/n02108089-boxer/n02108089_1757.jpg,train,n02108089_1757.jpg,n02108089-boxer
stanforddogs/train/n02108089-boxer/n02108089_3547.jpg,train,n02108089_3547.jpg,n02108089-boxer
stanforddogs/train/n02108089-boxer/n02108089_4730.jpg,train,n02108089_4730.jpg,n02108089-boxer
stanforddogs/train/n02098413-Lhasa/n02098413_18706.jpg,train,n02098413_18706.jpg,n02098413-Lhasa
stanforddogs/train/n02098413-Lhasa/n02098413_15855.jpg,train,n02098413_15855.jpg,n02098413-Lhasa
stanforddogs/train/n02098413-Lhasa/n02098413_5360.jpg,train,n02098413_5360.jpg,n02098413-Lhasa
stanforddogs/train/n02098413-Lhasa/n02098413_3899.jpg,train,n02098413_3899.jpg,n02098413-Lhasa
stanforddogs/train/n02098413-Lhasa/n02098413_13405.jpg,train,n02098413_13405.jpg,n02098413-Lhasa
stanforddogs/train/n02099429-curly-coated_retriever/n02099429_896.jpg,train,n02099429_896.jpg,n02099429-curly-coated_retriever
stanforddogs/train/n02099429-curly-coated_retriever/n02099429_1966.jpg,train,n02099429_1966.jpg,n02099429-curly-coated_retriever
stanforddogs/train/n02099429-curly-coated_retriever/n02099429_1950.jpg,train,n02099429_1950.jpg,n02099429-curly-coated_retriever
stanforddogs/train/n02099429-curly-coated_retriever/n02099429_674.jpg,train,n02099429_674.jpg,n02099429-curly-coated_retriever
stanforddogs/train/n02099429-curly-coated_retriever/n02099429_355.jpg,train,n02099429_355.jpg,n02099429-curly-coated_retriever
stanforddogs/train/n02115913-dhole/n02115913_262.jpg,train,n02115913_262.jpg,n02115913-dhole
stanforddogs/train/n02115913-dhole/n02115913_1682.jpg,train,n02115913_1682.jpg,n02115913-dhole
stanforddogs/train/n02115913-dhole/n02115913_2014.jpg,train,n02115913_2014.jpg,n02115913-dhole
stanforddogs/train/n02115913-dhole/n02115913_3601.jpg,train,n02115913_3601.jpg,n02115913-dhole
stanforddogs/train/n02115913-dhole/n02115913_4025.jpg,train,n02115913_4025.jpg,n02115913-dhole
stanforddogs/train/n02094433-Yorkshire_terrier/n02094433_3192.jpg,train,n02094433_3192.jpg,n02094433-Yorkshire_terrier
stanforddogs/train/n02094433-Yorkshire_terrier/n02094433_2229.jpg,train,n02094433_2229.jpg,n02094433-Yorkshire_terrier
stanforddogs/train/n02094433-Yorkshire_terrier/n02094433_1211.jpg,train,n02094433_1211.jpg,n02094433-Yorkshire_terrier
stanforddogs/train/n02094433-Yorkshire_terrier/n02094433_3431.jpg,train,n02094433_3431.jpg,n02094433-Yorkshire_terrier
stanforddogs/train/n02094433-Yorkshire_terrier/n02094433_10123.jpg,train,n02094433_10123.jpg,n02094433-Yorkshire_terrier
stanforddogs/train/n02088094-Afghan_hound/n02088094_5150.jpg,train,n02088094_5150.jpg,n02088094-Afghan_hound
stanforddogs/train/n02088094-Afghan_hound/n02088094_173.jpg,train,n02088094_173.jpg,n02088094-Afghan_hound
stanforddogs/train/n02088094-Afghan_hound/n02088094_1234.jpg,train,n02088094_1234.jpg,n02088094-Afghan_hound
stanforddogs/train/n02088094-Afghan_hound/n02088094_6690.jpg,train,n02088094_6690.jpg,n02088094-Afghan_hound
stanforddogs/train/n02088094-Afghan_hound/n02088094_1254.jpg,train,n02088094_1254.jpg,n02088094-Afghan_hound
stanforddogs/train/n02100236-German_short-haired_pointer/n02100236_4676.jpg,train,n02100236_4676.jpg,n02100236-German_short-haired_pointer
stanforddogs/train/n02100236-German_short-haired_pointer/n02100236_615.jpg,train,n02100236_615.jpg,n02100236-German_short-haired_pointer
stanforddogs/train/n02100236-German_short-haired_pointer/n02100236_4556.jpg,train,n02100236_4556.jpg,n02100236-German_short-haired_pointer
stanforddogs/train/n02100236-German_short-haired_pointer/n02100236_556.jpg,train,n02100236_556.jpg,n02100236-German_short-haired_pointer
stanforddogs/train/n02100236-German_short-haired_pointer/n02100236_5853.jpg,train,n02100236_5853.jpg,n02100236-German_short-haired_pointer
stanforddogs/train/n02091134-whippet/n02091134_16086.jpg,train,n02091134_16086.jpg,n02091134-whippet
stanforddogs/train/n02091134-whippet/n02091134_13376.jpg,train,n02091134_13376.jpg,n02091134-whippet
stanforddogs/train/n02091134-whippet/n02091134_15398.jpg,train,n02091134_15398.jpg,n02091134-whippet
stanforddogs/train/n02091134-whippet/n02091134_524.jpg,train,n02091134_524.jpg,n02091134-whippet
stanforddogs/train/n02091134-whippet/n02091134_9398.jpg,train,n02091134_9398.jpg,n02091134-whippet
stanforddogs/train/n02088364-beagle/n02088364_15082.jpg,train,n02088364_15082.jpg,n02088364-beagle
stanforddogs/train/n02088364-beagle/n02088364_13050.jpg,train,n02088364_13050.jpg,n02088364-beagle
stanforddogs/train/n02088364-beagle/n02088364_8612.jpg,train,n02088364_8612.jpg,n02088364-beagle
stanforddogs/train/n02088364-beagle/n02088364_6866.jpg,train,n02088364_6866.jpg,n02088364-beagle
stanforddogs/train/n02088364-beagle/n02088364_14369.jpg,train,n02088364_14369.jpg,n02088364-beagle
stanforddogs/train/n02100877-Irish_setter/n02100877_3006.jpg,train,n02100877_3006.jpg,n02100877-Irish_setter
stanforddogs/train/n02100877-Irish_setter/n02100877_2970.jpg,train,n02100877_2970.jpg,n02100877-Irish_setter
stanforddogs/train/n02100877-Irish_setter/n02100877_3056.jpg,train,n02100877_3056.jpg,n02100877-Irish_setter
stanforddogs/train/n02100877-Irish_setter/n02100877_2443.jpg,train,n02100877_2443.jpg,n02100877-Irish_setter
stanforddogs/train/n02100877-Irish_setter/n02100877_3826.jpg,train,n02100877_3826.jpg,n02100877-Irish_setter
stanforddogs/train/n02101556-clumber/n02101556_4028.jpg,train,n02101556_4028.jpg,n02101556-clumber
stanforddogs/train/n02101556-clumber/n02101556_5833.jpg,train,n02101556_5833.jpg,n02101556-clumber
stanforddogs/train/n02101556-clumber/n02101556_7939.jpg,train,n02101556_7939.jpg,n02101556-clumber
stanforddogs/train/n02101556-clumber/n02101556_2668.jpg,train,n02101556_2668.jpg,n02101556-clumber
stanforddogs/train/n02101556-clumber/n02101556_7295.jpg,train,n02101556_7295.jpg,n02101556-clumber
stanforddogs/train/n02113186-Cardigan/n02113186_2433.jpg,train,n02113186_2433.jpg,n02113186-Cardigan
stanforddogs/train/n02113186-Cardigan/n02113186_7480.jpg,train,n02113186_7480.jpg,n02113186-Cardigan
stanforddogs/train/n02113186-Cardigan/n02113186_11222.jpg,train,n02113186_11222.jpg,n02113186-Cardigan
stanforddogs/train/n02113186-Cardigan/n02113186_4924.jpg,train,n02113186_4924.jpg,n02113186-Cardigan
stanforddogs/train/n02113186-Cardigan/n02113186_11658.jpg,train,n02113186_11658.jpg,n02113186-Cardigan
stanforddogs/train/n02096051-Airedale/n02096051_6410.jpg,train,n02096051_6410.jpg,n02096051-Airedale
stanforddogs/train/n02096051-Airedale/n02096051_2432.jpg,train,n02096051_2432.jpg,n02096051-Airedale
stanforddogs/train/n02096051-Airedale/n02096051_2717.jpg,train,n02096051_2717.jpg,n02096051-Airedale
stanforddogs/train/n02096051-Airedale/n02096051_3317.jpg,train,n02096051_3317.jpg,n02096051-Airedale
stanforddogs/train/n02096051-Airedale/n02096051_6873.jpg,train,n02096051_6873.jpg,n02096051-Airedale
stanforddogs/train/n02105855-Shetland_sheepdog/n02105855_7717.jpg,train,n02105855_7717.jpg,n02105855-Shetland_sheepdog
stanforddogs/train/n02105855-Shetland_sheepdog/n02105855_9093.jpg,train,n02105855_9093.jpg,n02105855-Shetland_sheepdog
stanforddogs/train/n02105855-Shetland_sheepdog/n02105855_17258.jpg,train,n02105855_17258.jpg,n02105855-Shetland_sheepdog
stanforddogs/train/n02105855-Shetland_sheepdog/n02105855_6281.jpg,train,n02105855_6281.jpg,n02105855-Shetland_sheepdog
stanforddogs/train/n02105855-Shetland_sheepdog/n02105855_11061.jpg,train,n02105855_11061.jpg,n02105855-Shetland_sheepdog
stanforddogs/train/n02091244-Ibizan_hound/n02091244_3346.jpg,train,n02091244_3346.jpg,n02091244-Ibizan_hound
stanforddogs/train/n02091244-Ibizan_hound/n02091244_3319.jpg,train,n02091244_3319.jpg,n02091244-Ibizan_hound
stanforddogs/train/n02091244-Ibizan_hound/n02091244_3373.jpg,train,n02091244_3373.jpg,n02091244-Ibizan_hound
stanforddogs/train/n02091244-Ibizan_hound/n02091244_5982.jpg,train,n02091244_5982.jpg,n02091244-Ibizan_hound
stanforddogs/train/n02091244-Ibizan_hound/n02091244_448.jpg,train,n02091244_448.jpg,n02091244-Ibizan_hound
stanforddogs/train/n02104029-kuvasz/n02104029_3353.jpg,train,n02104029_3353.jpg,n02104029-kuvasz
stanforddogs/train/n02104029-kuvasz/n02104029_1612.jpg,train,n02104029_1612.jpg,n02104029-kuvasz
stanforddogs/train/n02104029-kuvasz/n02104029_63.jpg,train,n02104029_63.jpg,n02104029-kuvasz
stanforddogs/train/n02104029-kuvasz/n02104029_3526.jpg,train,n02104029_3526.jpg,n02104029-kuvasz
stanforddogs/train/n02104029-kuvasz/n02104029_3578.jpg,train,n02104029_3578.jpg,n02104029-kuvasz
stanforddogs/train/n02112018-Pomeranian/n02112018_725.jpg,train,n02112018_725.jpg,n02112018-Pomeranian
stanforddogs/train/n02112018-Pomeranian/n02112018_4586.jpg,train,n02112018_4586.jpg,n02112018-Pomeranian
stanforddogs/train/n02112018-Pomeranian/n02112018_276.jpg,train,n02112018_276.jpg,n02112018-Pomeranian
stanforddogs/train/n02112018-Pomeranian/n02112018_2896.jpg,train,n02112018_2896.jpg,n02112018-Pomeranian
stanforddogs/train/n02112018-Pomeranian/n02112018_3742.jpg,train,n02112018_3742.jpg,n02112018-Pomeranian
stanforddogs/train/n02089867-Walker_hound/n02089867_1133.jpg,train,n02089867_1133.jpg,n02089867-Walker_hound
stanforddogs/train/n02089867-Walker_hound/n02089867_3103.jpg,train,n02089867_3103.jpg,n02089867-Walker_hound
stanforddogs/train/n02089867-Walker_hound/n02089867_3253.jpg,train,n02089867_3253.jpg,n02089867-Walker_hound
stanforddogs/train/n02089867-Walker_hound/n02089867_880.jpg,train,n02089867_880.jpg,n02089867-Walker_hound
stanforddogs/train/n02089867-Walker_hound/n02089867_2713.jpg,train,n02089867_2713.jpg,n02089867-Walker_hound
stanforddogs/train/n02087394-Rhodesian_ridgeback/n02087394_7056.jpg,train,n02087394_7056.jpg,n02087394-Rhodesian_ridgeback
stanforddogs/train/n02087394-Rhodesian_ridgeback/n02087394_681.jpg,train,n02087394_681.jpg,n02087394-Rhodesian_ridgeback
stanforddogs/train/n02087394-Rhodesian_ridgeback/n02087394_760.jpg,train,n02087394_760.jpg,n02087394-Rhodesian_ridgeback
stanforddogs/train/n02087394-Rhodesian_ridgeback/n02087394_6039.jpg,train,n02087394_6039.jpg,n02087394-Rhodesian_ridgeback
stanforddogs/train/n02087394-Rhodesian_ridgeback/n02087394_3673.jpg,train,n02087394_3673.jpg,n02087394-Rhodesian_ridgeback
stanforddogs/train/n02091635-otterhound/n02091635_4626.jpg,train,n02091635_4626.jpg,n02091635-otterhound
stanforddogs/train/n02091635-otterhound/n02091635_965.jpg,train,n02091635_965.jpg,n02091635-otterhound
stanforddogs/train/n02091635-otterhound/n02091635_3521.jpg,train,n02091635_3521.jpg,n02091635-otterhound
stanforddogs/train/n02091635-otterhound/n02091635_390.jpg,train,n02091635_390.jpg,n02091635-otterhound
stanforddogs/train/n02091635-otterhound/n02091635_6.jpg,train,n02091635_6.jpg,n02091635-otterhound
stanforddogs/train/n02097298-Scotch_terrier/n02097298_8392.jpg,train,n02097298_8392.jpg,n02097298-Scotch_terrier
stanforddogs/train/n02097298-Scotch_terrier/n02097298_7517.jpg,train,n02097298_7517.jpg,n02097298-Scotch_terrier
stanforddogs/train/n02097298-Scotch_terrier/n02097298_7932.jpg,train,n02097298_7932.jpg,n02097298-Scotch_terrier
stanforddogs/train/n02097298-Scotch_terrier/n02097298_8552.jpg,train,n02097298_8552.jpg,n02097298-Scotch_terrier
stanforddogs/train/n02097298-Scotch_terrier/n02097298_8322.jpg,train,n02097298_8322.jpg,n02097298-Scotch_terrier
stanforddogs/train/n02102480-Sussex_spaniel/n02102480_142.jpg,train,n02102480_142.jpg,n02102480-Sussex_spaniel
stanforddogs/train/n02102480-Sussex_spaniel/n02102480_6514.jpg,train,n02102480_6514.jpg,n02102480-Sussex_spaniel
stanforddogs/train/n02102480-Sussex_spaniel/n02102480_6593.jpg,train,n02102480_6593.jpg,n02102480-Sussex_spaniel
stanforddogs/train/n02102480-Sussex_spaniel/n02102480_4295.jpg,train,n02102480_4295.jpg,n02102480-Sussex_spaniel
stanforddogs/train/n02102480-Sussex_spaniel/n02102480_6105.jpg,train,n02102480_6105.jpg,n02102480-Sussex_spaniel
stanforddogs/train/n02105641-Old_English_sheepdog/n02105641_5341.jpg,train,n02105641_5341.jpg,n02105641-Old_English_sheepdog
stanforddogs/train/n02105641-Old_English_sheepdog/n02105641_4805.jpg,train,n02105641_4805.jpg,n02105641-Old_English_sheepdog
stanforddogs/train/n02105641-Old_English_sheepdog/n02105641_10264.jpg,train,n02105641_10264.jpg,n02105641-Old_English_sheepdog
stanforddogs/train/n02105641-Old_English_sheepdog/n02105641_11695.jpg,train,n02105641_11695.jpg,n02105641-Old_English_sheepdog
stanforddogs/train/n02105641-Old_English_sheepdog/n02105641_4594.jpg,train,n02105641_4594.jpg,n02105641-Old_English_sheepdog
stanforddogs/train/n02091467-Norwegian_elkhound/n02091467_287.jpg,train,n02091467_287.jpg,n02091467-Norwegian_elkhound
stanforddogs/train/n02091467-Norwegian_elkhound/n02091467_2985.jpg,train,n02091467_2985.jpg,n02091467-Norwegian_elkhound
stanforddogs/train/n02091467-Norwegian_elkhound/n02091467_141.jpg,train,n02091467_141.jpg,n02091467-Norwegian_elkhound
stanforddogs/train/n02091467-Norwegian_elkhound/n02091467_4718.jpg,train,n02091467_4718.jpg,n02091467-Norwegian_elkhound
stanforddogs/train/n02091467-Norwegian_elkhound/n02091467_4268.jpg,train,n02091467_4268.jpg,n02091467-Norwegian_elkhound
stanforddogs/train/n02093647-Bedlington_terrier/n02093647_1591.jpg,train,n02093647_1591.jpg,n02093647-Bedlington_terrier
stanforddogs/train/n02093647-Bedlington_terrier/n02093647_3356.jpg,train,n02093647_3356.jpg,n02093647-Bedlington_terrier
stanforddogs/train/n02093647-Bedlington_terrier/n02093647_2388.jpg,train,n02093647_2388.jpg,n02093647-Bedlington_terrier
stanforddogs/train/n02093647-Bedlington_terrier/n02093647_1905.jpg,train,n02093647_1905.jpg,n02093647-Bedlington_terrier
stanforddogs/train/n02093647-Bedlington_terrier/n02093647_1736.jpg,train,n02093647_1736.jpg,n02093647-Bedlington_terrier
stanforddogs/train/n02110806-basenji/n02110806_1826.jpg,train,n02110806_1826.jpg,n02110806-basenji
stanforddogs/train/n02110806-basenji/n02110806_4395.jpg,train,n02110806_4395.jpg,n02110806-basenji
stanforddogs/train/n02110806-basenji/n02110806_4853.jpg,train,n02110806_4853.jpg,n02110806-basenji
stanforddogs/train/n02110806-basenji/n02110806_4072.jpg,train,n02110806_4072.jpg,n02110806-basenji
stanforddogs/train/n02110806-basenji/n02110806_5051.jpg,train,n02110806_5051.jpg,n02110806-basenji
stanforddogs/train/n02085782-Japanese_spaniel/n02085782_2640.jpg,train,n02085782_2640.jpg,n02085782-Japanese_spaniel
stanforddogs/train/n02085782-Japanese_spaniel/n02085782_2762.jpg,train,n02085782_2762.jpg,n02085782-Japanese_spaniel
stanforddogs/train/n02085782-Japanese_spaniel/n02085782_1348.jpg,train,n02085782_1348.jpg,n02085782-Japanese_spaniel
stanforddogs/train/n02085782-Japanese_spaniel/n02085782_3387.jpg,train,n02085782_3387.jpg,n02085782-Japanese_spaniel
stanforddogs/train/n02085782-Japanese_spaniel/n02085782_2279.jpg,train,n02085782_2279.jpg,n02085782-Japanese_spaniel
stanforddogs/train/n02102040-English_springer/n02102040_5283.jpg,train,n02102040_5283.jpg,n02102040-English_springer
stanforddogs/train/n02102040-English_springer/n02102040_3621.jpg,train,n02102040_3621.jpg,n02102040-English_springer
stanforddogs/train/n02102040-English_springer/n02102040_2836.jpg,train,n02102040_2836.jpg,n02102040-English_springer
stanforddogs/train/n02102040-English_springer/n02102040_3260.jpg,train,n02102040_3260.jpg,n02102040-English_springer
stanforddogs/train/n02102040-English_springer/n02102040_171.jpg,train,n02102040_171.jpg,n02102040-English_springer
stanforddogs/train/n02105251-briard/n02105251_3729.jpg,train,n02105251_3729.jpg,n02105251-briard
stanforddogs/train/n02105251-briard/n02105251_7223.jpg,train,n02105251_7223.jpg,n02105251-briard
stanforddogs/train/n02105251-briard/n02105251_7654.jpg,train,n02105251_7654.jpg,n02105251-briard
stanforddogs/train/n02105251-briard/n02105251_8896.jpg,train,n02105251_8896.jpg,n02105251-briard
stanforddogs/train/n02105251-briard/n02105251_8857.jpg,train,n02105251_8857.jpg,n02105251-briard
stanforddogs/train/n02108915-French_bulldog/n02108915_11207.jpg,train,n02108915_11207.jpg,n02108915-French_bulldog
stanforddogs/train/n02108915-French_bulldog/n02108915_1343.jpg,train,n02108915_1343.jpg,n02108915-French_bulldog
stanforddogs/train/n02108915-French_bulldog/n02108915_6462.jpg,train,n02108915_6462.jpg,n02108915-French_bulldog
stanforddogs/train/n02108915-French_bulldog/n02108915_3153.jpg,train,n02108915_3153.jpg,n02108915-French_bulldog
stanforddogs/train/n02108915-French_bulldog/n02108915_2326.jpg,train,n02108915_2326.jpg,n02108915-French_bulldog
stanforddogs/train/n02092002-Scottish_deerhound/n02092002_49.jpg,train,n02092002_49.jpg,n02092002-Scottish_deerhound
stanforddogs/train/n02092002-Scottish_deerhound/n02092002_6723.jpg,train,n02092002_6723.jpg,n02092002-Scottish_deerhound
stanforddogs/train/n02092002-Scottish_deerhound/n02092002_9224.jpg,train,n02092002_9224.jpg,n02092002-Scottish_deerhound
stanforddogs/train/n02092002-Scottish_deerhound/n02092002_5960.jpg,train,n02092002_5960.jpg,n02092002-Scottish_deerhound
stanforddogs/train/n02092002-Scottish_deerhound/n02092002_13380.jpg,train,n02092002_13380.jpg,n02092002-Scottish_deerhound
stanforddogs/train/n02102318-cocker_spaniel/n02102318_2984.jpg,train,n02102318_2984.jpg,n02102318-cocker_spaniel
stanforddogs/train/n02102318-cocker_spaniel/n02102318_5790.jpg,train,n02102318_5790.jpg,n02102318-cocker_spaniel
stanforddogs/train/n02102318-cocker_spaniel/n02102318_9822.jpg,train,n02102318_9822.jpg,n02102318-cocker_spaniel
stanforddogs/train/n02102318-cocker_spaniel/n02102318_12238.jpg,train,n02102318_12238.jpg,n02102318-cocker_spaniel
stanforddogs/train/n02102318-cocker_spaniel/n02102318_2698.jpg,train,n02102318_2698.jpg,n02102318-cocker_spaniel
stanforddogs/train/n02107312-miniature_pinscher/n02107312_262.jpg,train,n02107312_262.jpg,n02107312-miniature_pinscher
stanforddogs/train/n02107312-miniature_pinscher/n02107312_6380.jpg,train,n02107312_6380.jpg,n02107312-miniature_pinscher
stanforddogs/train/n02107312-miniature_pinscher/n02107312_5665.jpg,train,n02107312_5665.jpg,n02107312-miniature_pinscher
stanforddogs/train/n02107312-miniature_pinscher/n02107312_6617.jpg,train,n02107312_6617.jpg,n02107312-miniature_pinscher
stanforddogs/train/n02107312-miniature_pinscher/n02107312_6029.jpg,train,n02107312_6029.jpg,n02107312-miniature_pinscher
stanforddogs/train/n02094114-Norfolk_terrier/n02094114_787.jpg,train,n02094114_787.jpg,n02094114-Norfolk_terrier
stanforddogs/train/n02094114-Norfolk_terrier/n02094114_3935.jpg,train,n02094114_3935.jpg,n02094114-Norfolk_terrier
stanforddogs/train/n02094114-Norfolk_terrier/n02094114_1505.jpg,train,n02094114_1505.jpg,n02094114-Norfolk_terrier
stanforddogs/train/n02094114-Norfolk_terrier/n02094114_4537.jpg,train,n02094114_4537.jpg,n02094114-Norfolk_terrier
stanforddogs/train/n02094114-Norfolk_terrier/n02094114_838.jpg,train,n02094114_838.jpg,n02094114-Norfolk_terrier
stanforddogs/train/n02099712-Labrador_retriever/n02099712_4653.jpg,train,n02099712_4653.jpg,n02099712-Labrador_retriever
stanforddogs/train/n02099712-Labrador_retriever/n02099712_8719.jpg,train,n02099712_8719.jpg,n02099712-Labrador_retriever
stanforddogs/train/n02099712-Labrador_retriever/n02099712_6318.jpg,train,n02099712_6318.jpg,n02099712-Labrador_retriever
stanforddogs/train/n02099712-Labrador_retriever/n02099712_4074.jpg,train,n02099712_4074.jpg,n02099712-Labrador_retriever
stanforddogs/train/n02099712-Labrador_retriever/n02099712_3947.jpg,train,n02099712_3947.jpg,n02099712-Labrador_retriever
stanforddogs/train/n02108422-bull_mastiff/n02108422_3593.jpg,train,n02108422_3593.jpg,n02108422-bull_mastiff
stanforddogs/train/n02108422-bull_mastiff/n02108422_3793.jpg,train,n02108422_3793.jpg,n02108422-bull_mastiff
stanforddogs/train/n02108422-bull_mastiff/n02108422_4520.jpg,train,n02108422_4520.jpg,n02108422-bull_mastiff
stanforddogs/train/n02108422-bull_mastiff/n02108422_3379.jpg,train,n02108422_3379.jpg,n02108422-bull_mastiff
stanforddogs/train/n02108422-bull_mastiff/n02108422_5234.jpg,train,n02108422_5234.jpg,n02108422-bull_mastiff
stanforddogs/train/n02087046-toy_terrier/n02087046_3560.jpg,train,n02087046_3560.jpg,n02087046-toy_terrier
stanforddogs/train/n02087046-toy_terrier/n02087046_2158.jpg,train,n02087046_2158.jpg,n02087046-toy_terrier
stanforddogs/train/n02087046-toy_terrier/n02087046_81.jpg,train,n02087046_81.jpg,n02087046-toy_terrier
stanforddogs/train/n02087046-toy_terrier/n02087046_6211.jpg,train,n02087046_6211.jpg,n02087046-toy_terrier
stanforddogs/train/n02087046-toy_terrier/n02087046_1703.jpg,train,n02087046_1703.jpg,n02087046-toy_terrier
stanforddogs/train/n02098286-West_Highland_white_terrier/n02098286_1260.jpg,train,n02098286_1260.jpg,n02098286-West_Highland_white_terrier
stanforddogs/train/n02098286-West_Highland_white_terrier/n02098286_5080.jpg,train,n02098286_5080.jpg,n02098286-West_Highland_white_terrier
stanforddogs/train/n02098286-West_Highland_white_terrier/n02098286_3290.jpg,train,n02098286_3290.jpg,n02098286-West_Highland_white_terrier
stanforddogs/train/n02098286-West_Highland_white_terrier/n02098286_2743.jpg,train,n02098286_2743.jpg,n02098286-West_Highland_white_terrier
stanforddogs/train/n02098286-West_Highland_white_terrier/n02098286_5472.jpg,train,n02098286_5472.jpg,n02098286-West_Highland_white_terrier
stanforddogs/train/n02116738-African_hunting_dog/n02116738_678.jpg,train,n02116738_678.jpg,n02116738-African_hunting_dog
stanforddogs/train/n02116738-African_hunting_dog/n02116738_10614.jpg,train,n02116738_10614.jpg,n02116738-African_hunting_dog
stanforddogs/train/n02116738-African_hunting_dog/n02116738_3365.jpg,train,n02116738_3365.jpg,n02116738-African_hunting_dog
stanforddogs/train/n02116738-African_hunting_dog/n02116738_4382.jpg,train,n02116738_4382.jpg,n02116738-African_hunting_dog
stanforddogs/train/n02116738-African_hunting_dog/n02116738_9232.jpg,train,n02116738_9232.jpg,n02116738-African_hunting_dog
stanforddogs/train/n02112350-keeshond/n02112350_7862.jpg,train,n02112350_7862.jpg,n02112350-keeshond
stanforddogs/train/n02112350-keeshond/n02112350_7157.jpg,train,n02112350_7157.jpg,n02112350-keeshond
stanforddogs/train/n02112350-keeshond/n02112350_8604.jpg,train,n02112350_8604.jpg,n02112350-keeshond
stanforddogs/train/n02112350-keeshond/n02112350_10184.jpg,train,n02112350_10184.jpg,n02112350-keeshond
stanforddogs/train/n02112350-keeshond/n02112350_9112.jpg,train,n02112350_9112.jpg,n02112350-keeshond
