wood/train/encased_knot/knot0070.jpg,train,knot0070.jpg,encased_knot
wood/train/encased_knot/knot0068.jpg,train,knot0068.jpg,encased_knot
wood/train/encased_knot/knot0064.jpg,train,knot0064.jpg,encased_knot
wood/train/encased_knot/knot0089.jpg,train,knot0089.jpg,encased_knot
wood/train/encased_knot/knot0083.jpg,train,knot0083.jpg,encased_knot
wood/train/encased_knot/knot0071.jpg,train,knot0071.jpg,encased_knot
wood/train/encased_knot/knot0065.jpg,train,knot0065.jpg,encased_knot
wood/train/encased_knot/knot0075.jpg,train,knot0075.jpg,encased_knot
wood/train/encased_knot/knot0063.jpg,train,knot0063.jpg,encased_knot
wood/train/encased_knot/knot0090.jpg,train,knot0090.jpg,encased_knot
wood/train/encased_knot/knot0082.jpg,train,knot0082.jpg,encased_knot
wood/train/encased_knot/knot0079.jpg,train,knot0079.jpg,encased_knot
wood/train/encased_knot/knot0066.jpg,train,knot0066.jpg,encased_knot
wood/train/encased_knot/knot0076.jpg,train,knot0076.jpg,encased_knot
wood/train/encased_knot/knot0067.jpg,train,knot0067.jpg,encased_knot
wood/train/encased_knot/knot0074.jpg,train,knot0074.jpg,encased_knot
wood/train/encased_knot/knot0009.jpg,train,knot0009.jpg,encased_knot
wood/train/encased_knot/knot0078.jpg,train,knot0078.jpg,encased_knot
wood/train/encased_knot/knot0073.jpg,train,knot0073.jpg,encased_knot
wood/train/encased_knot/knot0059.jpg,train,knot0059.jpg,encased_knot
wood/train/encased_knot/knot0072.jpg,train,knot0072.jpg,encased_knot
wood/train/encased_knot/knot0088.jpg,train,knot0088.jpg,encased_knot
wood/train/encased_knot/knot0085.jpg,train,knot0085.jpg,encased_knot
wood/train/dry_knot/knot0025.jpg,train,knot0025.jpg,dry_knot
wood/train/dry_knot/knot0159.jpg,train,knot0159.jpg,dry_knot
wood/train/dry_knot/knot0043.jpg,train,knot0043.jpg,dry_knot
wood/train/dry_knot/knot0030.jpg,train,knot0030.jpg,dry_knot
wood/train/dry_knot/knot0027.jpg,train,knot0027.jpg,dry_knot
wood/train/dry_knot/knot0038.jpg,train,knot0038.jpg,dry_knot
wood/train/dry_knot/knot0029.jpg,train,knot0029.jpg,dry_knot
wood/train/dry_knot/knot0016.jpg,train,knot0016.jpg,dry_knot
wood/train/dry_knot/knot0015.jpg,train,knot0015.jpg,dry_knot
wood/train/dry_knot/knot0031.jpg,train,knot0031.jpg,dry_knot
wood/train/dry_knot/knot0101.jpg,train,knot0101.jpg,dry_knot
wood/train/dry_knot/knot0028.jpg,train,knot0028.jpg,dry_knot
wood/train/dry_knot/knot0014.jpg,train,knot0014.jpg,dry_knot
wood/train/dry_knot/knot0060.jpg,train,knot0060.jpg,dry_knot
wood/train/dry_knot/knot0045.jpg,train,knot0045.jpg,dry_knot
wood/train/dry_knot/knot0058.jpg,train,knot0058.jpg,dry_knot
wood/train/dry_knot/knot0010.jpg,train,knot0010.jpg,dry_knot
wood/train/dry_knot/knot0034.jpg,train,knot0034.jpg,dry_knot
wood/train/dry_knot/knot0036.jpg,train,knot0036.jpg,dry_knot
wood/train/dry_knot/knot0105.jpg,train,knot0105.jpg,dry_knot
wood/train/dry_knot/knot0056.jpg,train,knot0056.jpg,dry_knot
wood/train/dry_knot/knot0092.jpg,train,knot0092.jpg,dry_knot
wood/train/dry_knot/knot0032.jpg,train,knot0032.jpg,dry_knot
wood/train/dry_knot/knot0130.jpg,train,knot0130.jpg,dry_knot
wood/train/dry_knot/knot0019.jpg,train,knot0019.jpg,dry_knot
wood/train/dry_knot/knot0013.jpg,train,knot0013.jpg,dry_knot
wood/train/dry_knot/knot0099.jpg,train,knot0099.jpg,dry_knot
wood/train/dry_knot/knot0005.jpg,train,knot0005.jpg,dry_knot
wood/train/dry_knot/knot0004.jpg,train,knot0004.jpg,dry_knot
wood/train/dry_knot/knot0011.jpg,train,knot0011.jpg,dry_knot
wood/train/dry_knot/knot0007.jpg,train,knot0007.jpg,dry_knot
wood/train/dry_knot/knot0052.jpg,train,knot0052.jpg,dry_knot
wood/train/dry_knot/knot0022.jpg,train,knot0022.jpg,dry_knot
wood/train/dry_knot/knot0033.jpg,train,knot0033.jpg,dry_knot
wood/train/dry_knot/knot0053.jpg,train,knot0053.jpg,dry_knot
wood/train/dry_knot/knot0050.jpg,train,knot0050.jpg,dry_knot
wood/train/dry_knot/knot0024.jpg,train,knot0024.jpg,dry_knot
wood/train/dry_knot/knot0037.jpg,train,knot0037.jpg,dry_knot
wood/train/dry_knot/knot0023.jpg,train,knot0023.jpg,dry_knot
wood/train/dry_knot/knot0017.jpg,train,knot0017.jpg,dry_knot
wood/train/dry_knot/knot0021.jpg,train,knot0021.jpg,dry_knot
wood/train/dry_knot/knot0001.jpg,train,knot0001.jpg,dry_knot
wood/train/dry_knot/knot0040.jpg,train,knot0040.jpg,dry_knot
wood/train/dry_knot/knot0061.jpg,train,knot0061.jpg,dry_knot
wood/train/dry_knot/knot0062.jpg,train,knot0062.jpg,dry_knot
wood/train/dry_knot/knot0026.jpg,train,knot0026.jpg,dry_knot
wood/train/dry_knot/knot0048.jpg,train,knot0048.jpg,dry_knot
wood/train/dry_knot/knot0051.jpg,train,knot0051.jpg,dry_knot
wood/train/dry_knot/knot0049.jpg,train,knot0049.jpg,dry_knot
wood/train/dry_knot/knot0200.jpg,train,knot0200.jpg,dry_knot
wood/train/dry_knot/knot0057.jpg,train,knot0057.jpg,dry_knot
wood/train/dry_knot/knot0055.jpg,train,knot0055.jpg,dry_knot
wood/train/dry_knot/knot0002.jpg,train,knot0002.jpg,dry_knot
wood/train/dry_knot/knot0039.jpg,train,knot0039.jpg,dry_knot
wood/train/dry_knot/knot0100.jpg,train,knot0100.jpg,dry_knot
wood/train/horn_knot/knot0234.jpg,train,knot0234.jpg,horn_knot
wood/train/horn_knot/knot0251.jpg,train,knot0251.jpg,horn_knot
wood/train/horn_knot/knot0263.jpg,train,knot0263.jpg,horn_knot
wood/train/horn_knot/knot0257.jpg,train,knot0257.jpg,horn_knot
wood/train/horn_knot/knot0240.jpg,train,knot0240.jpg,horn_knot
wood/train/horn_knot/knot0253.jpg,train,knot0253.jpg,horn_knot
wood/train/horn_knot/knot0243.jpg,train,knot0243.jpg,horn_knot
wood/train/horn_knot/knot0244.jpg,train,knot0244.jpg,horn_knot
wood/train/horn_knot/knot0260.jpg,train,knot0260.jpg,horn_knot
wood/train/horn_knot/knot0259.jpg,train,knot0259.jpg,horn_knot
wood/train/horn_knot/knot0238.jpg,train,knot0238.jpg,horn_knot
wood/train/horn_knot/knot0264.jpg,train,knot0264.jpg,horn_knot
wood/train/horn_knot/knot0248.jpg,train,knot0248.jpg,horn_knot
wood/train/horn_knot/knot0256.jpg,train,knot0256.jpg,horn_knot
wood/train/horn_knot/knot0262.jpg,train,knot0262.jpg,horn_knot
wood/train/horn_knot/knot0077.jpg,train,knot0077.jpg,horn_knot
wood/train/horn_knot/knot0250.jpg,train,knot0250.jpg,horn_knot
wood/train/horn_knot/knot0249.jpg,train,knot0249.jpg,horn_knot
wood/train/horn_knot/knot0268.jpg,train,knot0268.jpg,horn_knot
wood/train/horn_knot/knot0261.jpg,train,knot0261.jpg,horn_knot
wood/train/horn_knot/knot0241.jpg,train,knot0241.jpg,horn_knot
wood/train/horn_knot/knot0265.jpg,train,knot0265.jpg,horn_knot
wood/train/horn_knot/knot0266.jpg,train,knot0266.jpg,horn_knot
wood/train/horn_knot/knot0239.jpg,train,knot0239.jpg,horn_knot
wood/train/horn_knot/knot0237.jpg,train,knot0237.jpg,horn_knot
wood/train/horn_knot/knot0258.jpg,train,knot0258.jpg,horn_knot
wood/train/horn_knot/knot0254.jpg,train,knot0254.jpg,horn_knot
wood/train/horn_knot/knot0242.jpg,train,knot0242.jpg,horn_knot
wood/train/sound_knot/knot0369.jpg,train,knot0369.jpg,sound_knot
wood/train/sound_knot/knot0385.jpg,train,knot0385.jpg,sound_knot
wood/train/sound_knot/knot0332.jpg,train,knot0332.jpg,sound_knot
wood/train/sound_knot/knot0387.jpg,train,knot0387.jpg,sound_knot
wood/train/sound_knot/knot0271.jpg,train,knot0271.jpg,sound_knot
wood/train/sound_knot/knot0349.jpg,train,knot0349.jpg,sound_knot
wood/train/sound_knot/knot0358.jpg,train,knot0358.jpg,sound_knot
wood/train/sound_knot/knot0329.jpg,train,knot0329.jpg,sound_knot
wood/train/sound_knot/knot0284.jpg,train,knot0284.jpg,sound_knot
wood/train/sound_knot/knot0340.jpg,train,knot0340.jpg,sound_knot
wood/train/sound_knot/knot0341.jpg,train,knot0341.jpg,sound_knot
wood/train/sound_knot/knot0337.jpg,train,knot0337.jpg,sound_knot
wood/train/sound_knot/knot0289.jpg,train,knot0289.jpg,sound_knot
wood/train/sound_knot/knot0303.jpg,train,knot0303.jpg,sound_knot
wood/train/sound_knot/knot0407.jpg,train,knot0407.jpg,sound_knot
wood/train/sound_knot/knot0397.jpg,train,knot0397.jpg,sound_knot
wood/train/sound_knot/knot0421.jpg,train,knot0421.jpg,sound_knot
wood/train/sound_knot/knot0374.jpg,train,knot0374.jpg,sound_knot
wood/train/sound_knot/knot0311.jpg,train,knot0311.jpg,sound_knot
wood/train/sound_knot/knot0438.jpg,train,knot0438.jpg,sound_knot
wood/train/sound_knot/knot0342.jpg,train,knot0342.jpg,sound_knot
wood/train/sound_knot/knot0350.jpg,train,knot0350.jpg,sound_knot
wood/train/sound_knot/knot0388.jpg,train,knot0388.jpg,sound_knot
wood/train/sound_knot/knot0328.jpg,train,knot0328.jpg,sound_knot
wood/train/sound_knot/knot0423.jpg,train,knot0423.jpg,sound_knot
wood/train/sound_knot/knot0370.jpg,train,knot0370.jpg,sound_knot
wood/train/sound_knot/knot0322.jpg,train,knot0322.jpg,sound_knot
wood/train/sound_knot/knot0404.jpg,train,knot0404.jpg,sound_knot
wood/train/sound_knot/knot0287.jpg,train,knot0287.jpg,sound_knot
wood/train/sound_knot/knot0403.jpg,train,knot0403.jpg,sound_knot
wood/train/sound_knot/knot0437.jpg,train,knot0437.jpg,sound_knot
wood/train/sound_knot/knot0428.jpg,train,knot0428.jpg,sound_knot
wood/train/sound_knot/knot0300.jpg,train,knot0300.jpg,sound_knot
wood/train/sound_knot/knot0331.jpg,train,knot0331.jpg,sound_knot
wood/train/sound_knot/knot0327.jpg,train,knot0327.jpg,sound_knot
wood/train/sound_knot/knot0406.jpg,train,knot0406.jpg,sound_knot
wood/train/sound_knot/knot0127.jpg,train,knot0127.jpg,sound_knot
wood/train/sound_knot/knot0378.jpg,train,knot0378.jpg,sound_knot
wood/train/sound_knot/knot0427.jpg,train,knot0427.jpg,sound_knot
wood/train/sound_knot/knot0368.jpg,train,knot0368.jpg,sound_knot
wood/train/sound_knot/knot0402.jpg,train,knot0402.jpg,sound_knot
wood/train/sound_knot/knot0354.jpg,train,knot0354.jpg,sound_knot
wood/train/sound_knot/knot0301.jpg,train,knot0301.jpg,sound_knot
wood/train/sound_knot/knot0359.jpg,train,knot0359.jpg,sound_knot
wood/train/sound_knot/knot0315.jpg,train,knot0315.jpg,sound_knot
wood/train/sound_knot/knot0390.jpg,train,knot0390.jpg,sound_knot
wood/train/sound_knot/knot0319.jpg,train,knot0319.jpg,sound_knot
wood/train/sound_knot/knot0400.jpg,train,knot0400.jpg,sound_knot
wood/train/sound_knot/knot0348.jpg,train,knot0348.jpg,sound_knot
wood/train/sound_knot/knot0363.jpg,train,knot0363.jpg,sound_knot
wood/train/sound_knot/knot0161.jpg,train,knot0161.jpg,sound_knot
wood/train/sound_knot/knot0357.jpg,train,knot0357.jpg,sound_knot
wood/train/sound_knot/knot0377.jpg,train,knot0377.jpg,sound_knot
wood/train/sound_knot/knot0408.jpg,train,knot0408.jpg,sound_knot
wood/train/sound_knot/knot0302.jpg,train,knot0302.jpg,sound_knot
wood/train/sound_knot/knot0216.jpg,train,knot0216.jpg,sound_knot
wood/train/sound_knot/knot0384.jpg,train,knot0384.jpg,sound_knot
wood/train/sound_knot/knot0314.jpg,train,knot0314.jpg,sound_knot
wood/train/sound_knot/knot0291.jpg,train,knot0291.jpg,sound_knot
wood/train/sound_knot/knot0333.jpg,train,knot0333.jpg,sound_knot
wood/train/sound_knot/knot0364.jpg,train,knot0364.jpg,sound_knot
wood/train/sound_knot/knot0413.jpg,train,knot0413.jpg,sound_knot
wood/train/sound_knot/knot0389.jpg,train,knot0389.jpg,sound_knot
wood/train/sound_knot/knot0312.jpg,train,knot0312.jpg,sound_knot
wood/train/sound_knot/knot0430.jpg,train,knot0430.jpg,sound_knot
wood/train/sound_knot/knot0419.jpg,train,knot0419.jpg,sound_knot
wood/train/sound_knot/knot0398.jpg,train,knot0398.jpg,sound_knot
wood/train/sound_knot/knot0326.jpg,train,knot0326.jpg,sound_knot
wood/train/sound_knot/knot0381.jpg,train,knot0381.jpg,sound_knot
wood/train/sound_knot/knot0434.jpg,train,knot0434.jpg,sound_knot
wood/train/sound_knot/knot0285.jpg,train,knot0285.jpg,sound_knot
wood/train/sound_knot/knot0394.jpg,train,knot0394.jpg,sound_knot
wood/train/sound_knot/knot0279.jpg,train,knot0279.jpg,sound_knot
wood/train/sound_knot/knot0401.jpg,train,knot0401.jpg,sound_knot
wood/train/sound_knot/knot0286.jpg,train,knot0286.jpg,sound_knot
wood/train/sound_knot/knot0426.jpg,train,knot0426.jpg,sound_knot
wood/train/sound_knot/knot0281.jpg,train,knot0281.jpg,sound_knot
wood/train/sound_knot/knot0415.jpg,train,knot0415.jpg,sound_knot
wood/train/sound_knot/knot0412.jpg,train,knot0412.jpg,sound_knot
wood/train/sound_knot/knot0418.jpg,train,knot0418.jpg,sound_knot
wood/train/sound_knot/knot0396.jpg,train,knot0396.jpg,sound_knot
wood/train/sound_knot/knot0295.jpg,train,knot0295.jpg,sound_knot
wood/train/sound_knot/knot0306.jpg,train,knot0306.jpg,sound_knot
wood/train/sound_knot/knot0375.jpg,train,knot0375.jpg,sound_knot
wood/train/sound_knot/knot0330.jpg,train,knot0330.jpg,sound_knot
wood/train/sound_knot/knot0355.jpg,train,knot0355.jpg,sound_knot
wood/train/sound_knot/knot0316.jpg,train,knot0316.jpg,sound_knot
wood/train/sound_knot/knot0304.jpg,train,knot0304.jpg,sound_knot
wood/train/sound_knot/knot0335.jpg,train,knot0335.jpg,sound_knot
wood/train/sound_knot/knot0317.jpg,train,knot0317.jpg,sound_knot
wood/train/sound_knot/knot0353.jpg,train,knot0353.jpg,sound_knot
wood/train/sound_knot/knot0297.jpg,train,knot0297.jpg,sound_knot
wood/train/sound_knot/knot0276.jpg,train,knot0276.jpg,sound_knot
wood/train/sound_knot/knot0346.jpg,train,knot0346.jpg,sound_knot
wood/train/sound_knot/knot0393.jpg,train,knot0393.jpg,sound_knot
wood/train/sound_knot/knot0422.jpg,train,knot0422.jpg,sound_knot
wood/train/sound_knot/knot0345.jpg,train,knot0345.jpg,sound_knot
wood/train/sound_knot/knot0119.jpg,train,knot0119.jpg,sound_knot
wood/train/sound_knot/knot0318.jpg,train,knot0318.jpg,sound_knot
wood/train/sound_knot/knot0280.jpg,train,knot0280.jpg,sound_knot
wood/train/sound_knot/knot0366.jpg,train,knot0366.jpg,sound_knot
wood/train/sound_knot/knot0386.jpg,train,knot0386.jpg,sound_knot
wood/train/sound_knot/knot0334.jpg,train,knot0334.jpg,sound_knot
wood/train/sound_knot/knot0269.jpg,train,knot0269.jpg,sound_knot
wood/train/sound_knot/knot0391.jpg,train,knot0391.jpg,sound_knot
wood/train/sound_knot/knot0293.jpg,train,knot0293.jpg,sound_knot
wood/train/sound_knot/knot0362.jpg,train,knot0362.jpg,sound_knot
wood/train/sound_knot/knot0298.jpg,train,knot0298.jpg,sound_knot
wood/train/sound_knot/knot0395.jpg,train,knot0395.jpg,sound_knot
wood/train/sound_knot/knot0352.jpg,train,knot0352.jpg,sound_knot
wood/train/sound_knot/knot0336.jpg,train,knot0336.jpg,sound_knot
wood/train/sound_knot/knot0367.jpg,train,knot0367.jpg,sound_knot
wood/train/sound_knot/knot0411.jpg,train,knot0411.jpg,sound_knot
wood/train/sound_knot/knot0417.jpg,train,knot0417.jpg,sound_knot
wood/train/sound_knot/knot0382.jpg,train,knot0382.jpg,sound_knot
wood/train/sound_knot/knot0294.jpg,train,knot0294.jpg,sound_knot
wood/train/sound_knot/knot0338.jpg,train,knot0338.jpg,sound_knot
wood/train/sound_knot/knot0351.jpg,train,knot0351.jpg,sound_knot
wood/train/sound_knot/knot0392.jpg,train,knot0392.jpg,sound_knot
wood/train/sound_knot/knot0147.jpg,train,knot0147.jpg,sound_knot
wood/train/sound_knot/knot0405.jpg,train,knot0405.jpg,sound_knot
wood/train/sound_knot/knot0272.jpg,train,knot0272.jpg,sound_knot
wood/train/sound_knot/knot0324.jpg,train,knot0324.jpg,sound_knot
wood/train/sound_knot/knot0372.jpg,train,knot0372.jpg,sound_knot
wood/train/sound_knot/knot0409.jpg,train,knot0409.jpg,sound_knot
wood/train/sound_knot/knot0278.jpg,train,knot0278.jpg,sound_knot
wood/train/sound_knot/knot0139.jpg,train,knot0139.jpg,sound_knot
wood/train/sound_knot/knot0356.jpg,train,knot0356.jpg,sound_knot
wood/train/sound_knot/knot0320.jpg,train,knot0320.jpg,sound_knot
wood/train/sound_knot/knot0299.jpg,train,knot0299.jpg,sound_knot
wood/train/sound_knot/knot0410.jpg,train,knot0410.jpg,sound_knot
wood/train/sound_knot/knot0282.jpg,train,knot0282.jpg,sound_knot
wood/train/sound_knot/knot0379.jpg,train,knot0379.jpg,sound_knot
wood/train/sound_knot/knot0138.jpg,train,knot0138.jpg,sound_knot
wood/train/sound_knot/knot0270.jpg,train,knot0270.jpg,sound_knot
wood/train/sound_knot/knot0380.jpg,train,knot0380.jpg,sound_knot
wood/train/sound_knot/knot0424.jpg,train,knot0424.jpg,sound_knot
wood/train/sound_knot/knot0429.jpg,train,knot0429.jpg,sound_knot
wood/train/sound_knot/knot0436.jpg,train,knot0436.jpg,sound_knot
wood/train/sound_knot/knot0307.jpg,train,knot0307.jpg,sound_knot
wood/train/sound_knot/knot0273.jpg,train,knot0273.jpg,sound_knot
wood/train/sound_knot/knot0283.jpg,train,knot0283.jpg,sound_knot
wood/train/sound_knot/knot0308.jpg,train,knot0308.jpg,sound_knot
wood/train/edge_knot/knot0210.jpg,train,knot0210.jpg,edge_knot
wood/train/edge_knot/knot0207.jpg,train,knot0207.jpg,edge_knot
wood/train/edge_knot/knot0205.jpg,train,knot0205.jpg,edge_knot
wood/train/edge_knot/knot0174.jpg,train,knot0174.jpg,edge_knot
wood/train/edge_knot/knot0214.jpg,train,knot0214.jpg,edge_knot
wood/train/edge_knot/knot0219.jpg,train,knot0219.jpg,edge_knot
wood/train/edge_knot/knot0227.jpg,train,knot0227.jpg,edge_knot
wood/train/edge_knot/knot0187.jpg,train,knot0187.jpg,edge_knot
wood/train/edge_knot/knot0215.jpg,train,knot0215.jpg,edge_knot
wood/train/edge_knot/knot0169.jpg,train,knot0169.jpg,edge_knot
wood/train/edge_knot/knot0168.jpg,train,knot0168.jpg,edge_knot
wood/train/edge_knot/knot0228.jpg,train,knot0228.jpg,edge_knot
wood/train/edge_knot/knot0211.jpg,train,knot0211.jpg,edge_knot
wood/train/edge_knot/knot0173.jpg,train,knot0173.jpg,edge_knot
wood/train/edge_knot/knot0218.jpg,train,knot0218.jpg,edge_knot
wood/train/edge_knot/knot0201.jpg,train,knot0201.jpg,edge_knot
wood/train/edge_knot/knot0186.jpg,train,knot0186.jpg,edge_knot
wood/train/edge_knot/knot0190.jpg,train,knot0190.jpg,edge_knot
wood/train/edge_knot/knot0220.jpg,train,knot0220.jpg,edge_knot
wood/train/edge_knot/knot0175.jpg,train,knot0175.jpg,edge_knot
wood/train/edge_knot/knot0233.jpg,train,knot0233.jpg,edge_knot
wood/train/edge_knot/knot0180.jpg,train,knot0180.jpg,edge_knot
wood/train/edge_knot/knot0193.jpg,train,knot0193.jpg,edge_knot
wood/train/edge_knot/knot0192.jpg,train,knot0192.jpg,edge_knot
wood/train/edge_knot/knot0197.jpg,train,knot0197.jpg,edge_knot
wood/train/edge_knot/knot0183.jpg,train,knot0183.jpg,edge_knot
wood/train/edge_knot/knot0178.jpg,train,knot0178.jpg,edge_knot
wood/train/edge_knot/knot0167.jpg,train,knot0167.jpg,edge_knot
wood/train/edge_knot/knot0166.jpg,train,knot0166.jpg,edge_knot
wood/train/edge_knot/knot0194.jpg,train,knot0194.jpg,edge_knot
wood/train/edge_knot/knot0196.jpg,train,knot0196.jpg,edge_knot
wood/train/edge_knot/knot0231.jpg,train,knot0231.jpg,edge_knot
wood/train/edge_knot/knot0235.jpg,train,knot0235.jpg,edge_knot
wood/train/edge_knot/knot0203.jpg,train,knot0203.jpg,edge_knot
wood/train/edge_knot/knot0182.jpg,train,knot0182.jpg,edge_knot
wood/train/edge_knot/knot0206.jpg,train,knot0206.jpg,edge_knot
wood/train/edge_knot/knot0232.jpg,train,knot0232.jpg,edge_knot
wood/train/edge_knot/knot0198.jpg,train,knot0198.jpg,edge_knot
wood/train/edge_knot/knot0202.jpg,train,knot0202.jpg,edge_knot
wood/train/edge_knot/knot0212.jpg,train,knot0212.jpg,edge_knot
wood/train/edge_knot/knot0236.jpg,train,knot0236.jpg,edge_knot
wood/train/edge_knot/knot0223.jpg,train,knot0223.jpg,edge_knot
wood/train/edge_knot/knot0199.jpg,train,knot0199.jpg,edge_knot
wood/train/edge_knot/knot0195.jpg,train,knot0195.jpg,edge_knot
wood/train/edge_knot/knot0177.jpg,train,knot0177.jpg,edge_knot
wood/train/edge_knot/knot0189.jpg,train,knot0189.jpg,edge_knot
wood/train/edge_knot/knot0181.jpg,train,knot0181.jpg,edge_knot
wood/train/edge_knot/knot0172.jpg,train,knot0172.jpg,edge_knot
wood/train/edge_knot/knot0221.jpg,train,knot0221.jpg,edge_knot
wood/train/edge_knot/knot0229.jpg,train,knot0229.jpg,edge_knot
wood/train/edge_knot/knot0171.jpg,train,knot0171.jpg,edge_knot
wood/train/edge_knot/knot0191.jpg,train,knot0191.jpg,edge_knot
wood/train/leaf_knot/knot0113.jpg,train,knot0113.jpg,leaf_knot
wood/train/leaf_knot/knot0145.jpg,train,knot0145.jpg,leaf_knot
wood/train/leaf_knot/knot0142.jpg,train,knot0142.jpg,leaf_knot
wood/train/leaf_knot/knot0158.jpg,train,knot0158.jpg,leaf_knot
wood/train/leaf_knot/knot0141.jpg,train,knot0141.jpg,leaf_knot
wood/train/leaf_knot/knot0135.jpg,train,knot0135.jpg,leaf_knot
wood/train/leaf_knot/knot0163.jpg,train,knot0163.jpg,leaf_knot
wood/train/leaf_knot/knot0128.jpg,train,knot0128.jpg,leaf_knot
wood/train/leaf_knot/knot0116.jpg,train,knot0116.jpg,leaf_knot
wood/train/leaf_knot/knot0152.jpg,train,knot0152.jpg,leaf_knot
wood/train/leaf_knot/knot0134.jpg,train,knot0134.jpg,leaf_knot
wood/train/leaf_knot/knot0132.jpg,train,knot0132.jpg,leaf_knot
wood/train/leaf_knot/knot0129.jpg,train,knot0129.jpg,leaf_knot
wood/train/leaf_knot/knot0125.jpg,train,knot0125.jpg,leaf_knot
wood/train/leaf_knot/knot0133.jpg,train,knot0133.jpg,leaf_knot
wood/train/leaf_knot/knot0117.jpg,train,knot0117.jpg,leaf_knot
wood/train/leaf_knot/knot0164.jpg,train,knot0164.jpg,leaf_knot
wood/train/leaf_knot/knot0144.jpg,train,knot0144.jpg,leaf_knot
wood/train/leaf_knot/knot0118.jpg,train,knot0118.jpg,leaf_knot
wood/train/leaf_knot/knot0150.jpg,train,knot0150.jpg,leaf_knot
wood/train/leaf_knot/knot0115.jpg,train,knot0115.jpg,leaf_knot
wood/train/leaf_knot/knot0120.jpg,train,knot0120.jpg,leaf_knot
wood/train/leaf_knot/knot0136.jpg,train,knot0136.jpg,leaf_knot
wood/train/leaf_knot/knot0151.jpg,train,knot0151.jpg,leaf_knot
wood/train/leaf_knot/knot0165.jpg,train,knot0165.jpg,leaf_knot
wood/train/leaf_knot/knot0149.jpg,train,knot0149.jpg,leaf_knot
wood/train/leaf_knot/knot0121.jpg,train,knot0121.jpg,leaf_knot
wood/train/leaf_knot/knot0140.jpg,train,knot0140.jpg,leaf_knot
wood/train/leaf_knot/knot0110.jpg,train,knot0110.jpg,leaf_knot
wood/train/leaf_knot/knot0131.jpg,train,knot0131.jpg,leaf_knot
wood/train/leaf_knot/knot0126.jpg,train,knot0126.jpg,leaf_knot
wood/train/leaf_knot/knot0111.jpg,train,knot0111.jpg,leaf_knot
wood/train/leaf_knot/knot0148.jpg,train,knot0148.jpg,leaf_knot
wood/train/leaf_knot/knot0155.jpg,train,knot0155.jpg,leaf_knot
wood/train/leaf_knot/knot0143.jpg,train,knot0143.jpg,leaf_knot
wood/train/leaf_knot/knot0160.jpg,train,knot0160.jpg,leaf_knot
wood/train/leaf_knot/knot0156.jpg,train,knot0156.jpg,leaf_knot
wood/test/encased_knot/knot0087.jpg,test,knot0087.jpg,encased_knot
wood/test/encased_knot/knot0209.jpg,test,knot0209.jpg,encased_knot
wood/test/encased_knot/knot0080.jpg,test,knot0080.jpg,encased_knot
wood/test/encased_knot/knot0086.jpg,test,knot0086.jpg,encased_knot
wood/test/encased_knot/knot0081.jpg,test,knot0081.jpg,encased_knot
wood/test/encased_knot/knot0069.jpg,test,knot0069.jpg,encased_knot
wood/test/dry_knot/knot0041.jpg,test,knot0041.jpg,dry_knot
wood/test/dry_knot/knot0035.jpg,test,knot0035.jpg,dry_knot
wood/test/dry_knot/knot0046.jpg,test,knot0046.jpg,dry_knot
wood/test/dry_knot/knot0003.jpg,test,knot0003.jpg,dry_knot
wood/test/dry_knot/knot0020.jpg,test,knot0020.jpg,dry_knot
wood/test/dry_knot/knot0006.jpg,test,knot0006.jpg,dry_knot
wood/test/dry_knot/knot0047.jpg,test,knot0047.jpg,dry_knot
wood/test/dry_knot/knot0018.jpg,test,knot0018.jpg,dry_knot
wood/test/dry_knot/knot0225.jpg,test,knot0225.jpg,dry_knot
wood/test/dry_knot/knot0054.jpg,test,knot0054.jpg,dry_knot
wood/test/dry_knot/knot0042.jpg,test,knot0042.jpg,dry_knot
wood/test/dry_knot/knot0008.jpg,test,knot0008.jpg,dry_knot
wood/test/dry_knot/knot0044.jpg,test,knot0044.jpg,dry_knot
wood/test/dry_knot/knot0012.jpg,test,knot0012.jpg,dry_knot
wood/test/horn_knot/knot0255.jpg,test,knot0255.jpg,horn_knot
wood/test/horn_knot/knot0267.jpg,test,knot0267.jpg,horn_knot
wood/test/horn_knot/knot0247.jpg,test,knot0247.jpg,horn_knot
wood/test/horn_knot/knot0245.jpg,test,knot0245.jpg,horn_knot
wood/test/horn_knot/knot0084.jpg,test,knot0084.jpg,horn_knot
wood/test/horn_knot/knot0252.jpg,test,knot0252.jpg,horn_knot
wood/test/horn_knot/knot0246.jpg,test,knot0246.jpg,horn_knot
wood/test/sound_knot/knot0208.jpg,test,knot0208.jpg,sound_knot
wood/test/sound_knot/knot0425.jpg,test,knot0425.jpg,sound_knot
wood/test/sound_knot/knot0309.jpg,test,knot0309.jpg,sound_knot
wood/test/sound_knot/knot0296.jpg,test,knot0296.jpg,sound_knot
wood/test/sound_knot/knot0288.jpg,test,knot0288.jpg,sound_knot
wood/test/sound_knot/knot0383.jpg,test,knot0383.jpg,sound_knot
wood/test/sound_knot/knot0371.jpg,test,knot0371.jpg,sound_knot
wood/test/sound_knot/knot0112.jpg,test,knot0112.jpg,sound_knot
wood/test/sound_knot/knot0292.jpg,test,knot0292.jpg,sound_knot
wood/test/sound_knot/knot0420.jpg,test,knot0420.jpg,sound_knot
wood/test/sound_knot/knot0414.jpg,test,knot0414.jpg,sound_knot
wood/test/sound_knot/knot0433.jpg,test,knot0433.jpg,sound_knot
wood/test/sound_knot/knot0347.jpg,test,knot0347.jpg,sound_knot
wood/test/sound_knot/knot0344.jpg,test,knot0344.jpg,sound_knot
wood/test/sound_knot/knot0313.jpg,test,knot0313.jpg,sound_knot
wood/test/sound_knot/knot0274.jpg,test,knot0274.jpg,sound_knot
wood/test/sound_knot/knot0361.jpg,test,knot0361.jpg,sound_knot
wood/test/sound_knot/knot0277.jpg,test,knot0277.jpg,sound_knot
wood/test/sound_knot/knot0339.jpg,test,knot0339.jpg,sound_knot
wood/test/sound_knot/knot0343.jpg,test,knot0343.jpg,sound_knot
wood/test/sound_knot/knot0360.jpg,test,knot0360.jpg,sound_knot
wood/test/sound_knot/knot0305.jpg,test,knot0305.jpg,sound_knot
wood/test/sound_knot/knot0290.jpg,test,knot0290.jpg,sound_knot
wood/test/sound_knot/knot0435.jpg,test,knot0435.jpg,sound_knot
wood/test/sound_knot/knot0323.jpg,test,knot0323.jpg,sound_knot
wood/test/sound_knot/knot0373.jpg,test,knot0373.jpg,sound_knot
wood/test/sound_knot/knot0416.jpg,test,knot0416.jpg,sound_knot
wood/test/sound_knot/knot0275.jpg,test,knot0275.jpg,sound_knot
wood/test/sound_knot/knot0365.jpg,test,knot0365.jpg,sound_knot
wood/test/sound_knot/knot0321.jpg,test,knot0321.jpg,sound_knot
wood/test/sound_knot/knot0431.jpg,test,knot0431.jpg,sound_knot
wood/test/sound_knot/knot0399.jpg,test,knot0399.jpg,sound_knot
wood/test/sound_knot/knot0325.jpg,test,knot0325.jpg,sound_knot
wood/test/sound_knot/knot0432.jpg,test,knot0432.jpg,sound_knot
wood/test/sound_knot/knot0310.jpg,test,knot0310.jpg,sound_knot
wood/test/sound_knot/knot0376.jpg,test,knot0376.jpg,sound_knot
wood/test/edge_knot/knot0184.jpg,test,knot0184.jpg,edge_knot
wood/test/edge_knot/knot0170.jpg,test,knot0170.jpg,edge_knot
wood/test/edge_knot/knot0224.jpg,test,knot0224.jpg,edge_knot
wood/test/edge_knot/knot0179.jpg,test,knot0179.jpg,edge_knot
wood/test/edge_knot/knot0176.jpg,test,knot0176.jpg,edge_knot
wood/test/edge_knot/knot0230.jpg,test,knot0230.jpg,edge_knot
wood/test/edge_knot/knot0185.jpg,test,knot0185.jpg,edge_knot
wood/test/edge_knot/knot0213.jpg,test,knot0213.jpg,edge_knot
wood/test/edge_knot/knot0226.jpg,test,knot0226.jpg,edge_knot
wood/test/edge_knot/knot0188.jpg,test,knot0188.jpg,edge_knot
wood/test/edge_knot/knot0204.jpg,test,knot0204.jpg,edge_knot
wood/test/edge_knot/knot0217.jpg,test,knot0217.jpg,edge_knot
wood/test/edge_knot/knot0222.jpg,test,knot0222.jpg,edge_knot
wood/test/leaf_knot/knot0137.jpg,test,knot0137.jpg,leaf_knot
wood/test/leaf_knot/knot0114.jpg,test,knot0114.jpg,leaf_knot
wood/test/leaf_knot/knot0162.jpg,test,knot0162.jpg,leaf_knot
wood/test/leaf_knot/knot0123.jpg,test,knot0123.jpg,leaf_knot
wood/test/leaf_knot/knot0157.jpg,test,knot0157.jpg,leaf_knot
wood/test/leaf_knot/knot0146.jpg,test,knot0146.jpg,leaf_knot
wood/test/leaf_knot/knot0124.jpg,test,knot0124.jpg,leaf_knot
wood/test/leaf_knot/knot0154.jpg,test,knot0154.jpg,leaf_knot
wood/test/leaf_knot/knot0122.jpg,test,knot0122.jpg,leaf_knot
wood/test/leaf_knot/knot0153.jpg,test,knot0153.jpg,leaf_knot
