catsdogs/train/Ragdoll/Ragdoll_155.jpg,train,Ragdoll_155.jpg,Ragdoll
catsdogs/train/Ragdoll/Ragdoll_164.jpg,train,Ragdoll_164.jpg,Ragdoll
catsdogs/train/Ragdoll/Ragdoll_125.jpg,train,Ragdoll_125.jpg,Ragdoll
catsdogs/train/Ragdoll/Ragdoll_133.jpg,train,Ragdoll_133.jpg,Ragdoll
catsdogs/train/Ragdoll/Ragdoll_181.jpg,train,Ragdoll_181.jpg,Ragdoll
catsdogs/train/Ragdoll/Ragdoll_138.jpg,train,Ragdoll_138.jpg,Ragdoll
catsdogs/train/Ragdoll/Ragdoll_106.jpg,train,Ragdoll_106.jpg,Ragdoll
catsdogs/train/Ragdoll/Ragdoll_186.jpg,train,Ragdoll_186.jpg,Ragdoll
catsdogs/train/Ragdoll/Ragdoll_111.jpg,train,Ragdoll_111.jpg,Ragdoll
catsdogs/train/Ragdoll/Ragdoll_180.jpg,train,Ragdoll_180.jpg,Ragdoll
catsdogs/train/staffordshire_bull_terrier/staffordshire_bull_terrier_147.jpg,train,staffordshire_bull_terrier_147.jpg,staffordshire_bull_terrier
catsdogs/train/staffordshire_bull_terrier/staffordshire_bull_terrier_145.jpg,train,staffordshire_bull_terrier_145.jpg,staffordshire_bull_terrier
catsdogs/train/staffordshire_bull_terrier/staffordshire_bull_terrier_1.jpg,train,staffordshire_bull_terrier_1.jpg,staffordshire_bull_terrier
catsdogs/train/staffordshire_bull_terrier/staffordshire_bull_terrier_133.jpg,train,staffordshire_bull_terrier_133.jpg,staffordshire_bull_terrier
catsdogs/train/staffordshire_bull_terrier/staffordshire_bull_terrier_163.jpg,train,staffordshire_bull_terrier_163.jpg,staffordshire_bull_terrier
catsdogs/train/staffordshire_bull_terrier/staffordshire_bull_terrier_154.jpg,train,staffordshire_bull_terrier_154.jpg,staffordshire_bull_terrier
catsdogs/train/staffordshire_bull_terrier/staffordshire_bull_terrier_126.jpg,train,staffordshire_bull_terrier_126.jpg,staffordshire_bull_terrier
catsdogs/train/staffordshire_bull_terrier/staffordshire_bull_terrier_16.jpg,train,staffordshire_bull_terrier_16.jpg,staffordshire_bull_terrier
catsdogs/train/staffordshire_bull_terrier/staffordshire_bull_terrier_137.jpg,train,staffordshire_bull_terrier_137.jpg,staffordshire_bull_terrier
catsdogs/train/staffordshire_bull_terrier/staffordshire_bull_terrier_176.jpg,train,staffordshire_bull_terrier_176.jpg,staffordshire_bull_terrier
catsdogs/train/Bombay/Bombay_181.jpg,train,Bombay_181.jpg,Bombay
catsdogs/train/Bombay/Bombay_166.jpg,train,Bombay_166.jpg,Bombay
catsdogs/train/Bombay/Bombay_16.jpg,train,Bombay_16.jpg,Bombay
catsdogs/train/Bombay/Bombay_182.jpg,train,Bombay_182.jpg,Bombay
catsdogs/train/Bombay/Bombay_109.jpg,train,Bombay_109.jpg,Bombay
catsdogs/train/Bombay/Bombay_112.jpg,train,Bombay_112.jpg,Bombay
catsdogs/train/Bombay/Bombay_174.jpg,train,Bombay_174.jpg,Bombay
catsdogs/train/Bombay/Bombay_171.jpg,train,Bombay_171.jpg,Bombay
catsdogs/train/Bombay/Bombay_140.jpg,train,Bombay_140.jpg,Bombay
catsdogs/train/Bombay/Bombay_118.jpg,train,Bombay_118.jpg,Bombay
catsdogs/train/Birman/Birman_112.jpg,train,Birman_112.jpg,Birman
catsdogs/train/Birman/Birman_164.jpg,train,Birman_164.jpg,Birman
catsdogs/train/Birman/Birman_175.jpg,train,Birman_175.jpg,Birman
catsdogs/train/Birman/Birman_11.jpg,train,Birman_11.jpg,Birman
catsdogs/train/Birman/Birman_149.jpg,train,Birman_149.jpg,Birman
catsdogs/train/Birman/Birman_111.jpg,train,Birman_111.jpg,Birman
catsdogs/train/Birman/Birman_14.jpg,train,Birman_14.jpg,Birman
catsdogs/train/Birman/Birman_159.jpg,train,Birman_159.jpg,Birman
catsdogs/train/Birman/Birman_120.jpg,train,Birman_120.jpg,Birman
catsdogs/train/Birman/Birman_153.jpg,train,Birman_153.jpg,Birman
catsdogs/train/Bengal/Bengal_190.jpg,train,Bengal_190.jpg,Bengal
catsdogs/train/Bengal/Bengal_102.jpg,train,Bengal_102.jpg,Bengal
catsdogs/train/Bengal/Bengal_183.jpg,train,Bengal_183.jpg,Bengal
catsdogs/train/Bengal/Bengal_134.jpg,train,Bengal_134.jpg,Bengal
catsdogs/train/Bengal/Bengal_135.jpg,train,Bengal_135.jpg,Bengal
catsdogs/train/Bengal/Bengal_118.jpg,train,Bengal_118.jpg,Bengal
catsdogs/train/Bengal/Bengal_162.jpg,train,Bengal_162.jpg,Bengal
catsdogs/train/Bengal/Bengal_112.jpg,train,Bengal_112.jpg,Bengal
catsdogs/train/Bengal/Bengal_14.jpg,train,Bengal_14.jpg,Bengal
catsdogs/train/Bengal/Bengal_147.jpg,train,Bengal_147.jpg,Bengal
catsdogs/train/boxer/boxer_184.jpg,train,boxer_184.jpg,boxer
catsdogs/train/boxer/boxer_111.jpg,train,boxer_111.jpg,boxer
catsdogs/train/boxer/boxer_160.jpg,train,boxer_160.jpg,boxer
catsdogs/train/boxer/boxer_107.jpg,train,boxer_107.jpg,boxer
catsdogs/train/boxer/boxer_109.jpg,train,boxer_109.jpg,boxer
catsdogs/train/boxer/boxer_182.jpg,train,boxer_182.jpg,boxer
catsdogs/train/boxer/boxer_125.jpg,train,boxer_125.jpg,boxer
catsdogs/train/boxer/boxer_12.jpg,train,boxer_12.jpg,boxer
catsdogs/train/boxer/boxer_183.jpg,train,boxer_183.jpg,boxer
catsdogs/train/boxer/boxer_154.jpg,train,boxer_154.jpg,boxer
catsdogs/train/Egyptian_Mau/Egyptian_Mau_176.jpg,train,Egyptian_Mau_176.jpg,Egyptian_Mau
catsdogs/train/Egyptian_Mau/Egyptian_Mau_10.jpg,train,Egyptian_Mau_10.jpg,Egyptian_Mau
catsdogs/train/Egyptian_Mau/Egyptian_Mau_154.jpg,train,Egyptian_Mau_154.jpg,Egyptian_Mau
catsdogs/train/Egyptian_Mau/Egyptian_Mau_124.jpg,train,Egyptian_Mau_124.jpg,Egyptian_Mau
catsdogs/train/Egyptian_Mau/Egyptian_Mau_123.jpg,train,Egyptian_Mau_123.jpg,Egyptian_Mau
catsdogs/train/Egyptian_Mau/Egyptian_Mau_141.jpg,train,Egyptian_Mau_141.jpg,Egyptian_Mau
catsdogs/train/Egyptian_Mau/Egyptian_Mau_127.jpg,train,Egyptian_Mau_127.jpg,Egyptian_Mau
catsdogs/train/Egyptian_Mau/Egyptian_Mau_122.jpg,train,Egyptian_Mau_122.jpg,Egyptian_Mau
catsdogs/train/Egyptian_Mau/Egyptian_Mau_104.jpg,train,Egyptian_Mau_104.jpg,Egyptian_Mau
catsdogs/train/Egyptian_Mau/Egyptian_Mau_164.jpg,train,Egyptian_Mau_164.jpg,Egyptian_Mau
catsdogs/train/pomeranian/pomeranian_186.jpg,train,pomeranian_186.jpg,pomeranian
catsdogs/train/pomeranian/pomeranian_10.jpg,train,pomeranian_10.jpg,pomeranian
catsdogs/train/pomeranian/pomeranian_119.jpg,train,pomeranian_119.jpg,pomeranian
catsdogs/train/pomeranian/pomeranian_148.jpg,train,pomeranian_148.jpg,pomeranian
catsdogs/train/pomeranian/pomeranian_149.jpg,train,pomeranian_149.jpg,pomeranian
catsdogs/train/pomeranian/pomeranian_108.jpg,train,pomeranian_108.jpg,pomeranian
catsdogs/train/pomeranian/pomeranian_188.jpg,train,pomeranian_188.jpg,pomeranian
catsdogs/train/pomeranian/pomeranian_157.jpg,train,pomeranian_157.jpg,pomeranian
catsdogs/train/pomeranian/pomeranian_180.jpg,train,pomeranian_180.jpg,pomeranian
catsdogs/train/pomeranian/pomeranian_151.jpg,train,pomeranian_151.jpg,pomeranian
catsdogs/train/great_pyrenees/great_pyrenees_120.jpg,train,great_pyrenees_120.jpg,great_pyrenees
catsdogs/train/great_pyrenees/great_pyrenees_115.jpg,train,great_pyrenees_115.jpg,great_pyrenees
catsdogs/train/great_pyrenees/great_pyrenees_131.jpg,train,great_pyrenees_131.jpg,great_pyrenees
catsdogs/train/great_pyrenees/great_pyrenees_134.jpg,train,great_pyrenees_134.jpg,great_pyrenees
catsdogs/train/great_pyrenees/great_pyrenees_146.jpg,train,great_pyrenees_146.jpg,great_pyrenees
catsdogs/train/great_pyrenees/great_pyrenees_182.jpg,train,great_pyrenees_182.jpg,great_pyrenees
catsdogs/train/great_pyrenees/great_pyrenees_157.jpg,train,great_pyrenees_157.jpg,great_pyrenees
catsdogs/train/great_pyrenees/great_pyrenees_13.jpg,train,great_pyrenees_13.jpg,great_pyrenees
catsdogs/train/great_pyrenees/great_pyrenees_14.jpg,train,great_pyrenees_14.jpg,great_pyrenees
catsdogs/train/great_pyrenees/great_pyrenees_173.jpg,train,great_pyrenees_173.jpg,great_pyrenees
catsdogs/train/Abyssinian/Abyssinian_114.jpg,train,Abyssinian_114.jpg,Abyssinian
catsdogs/train/Abyssinian/Abyssinian_168.jpg,train,Abyssinian_168.jpg,Abyssinian
catsdogs/train/Abyssinian/Abyssinian_197.jpg,train,Abyssinian_197.jpg,Abyssinian
catsdogs/train/Abyssinian/Abyssinian_115.jpg,train,Abyssinian_115.jpg,Abyssinian
catsdogs/train/Abyssinian/Abyssinian_132.jpg,train,Abyssinian_132.jpg,Abyssinian
catsdogs/train/Abyssinian/Abyssinian_16.jpg,train,Abyssinian_16.jpg,Abyssinian
catsdogs/train/Abyssinian/Abyssinian_105.jpg,train,Abyssinian_105.jpg,Abyssinian
catsdogs/train/Abyssinian/Abyssinian_185.jpg,train,Abyssinian_185.jpg,Abyssinian
catsdogs/train/Abyssinian/Abyssinian_123.jpg,train,Abyssinian_123.jpg,Abyssinian
catsdogs/train/Abyssinian/Abyssinian_179.jpg,train,Abyssinian_179.jpg,Abyssinian
catsdogs/train/shiba_inu/shiba_inu_150.jpg,train,shiba_inu_150.jpg,shiba_inu
catsdogs/train/shiba_inu/shiba_inu_10.jpg,train,shiba_inu_10.jpg,shiba_inu
catsdogs/train/shiba_inu/shiba_inu_124.jpg,train,shiba_inu_124.jpg,shiba_inu
catsdogs/train/shiba_inu/shiba_inu_143.jpg,train,shiba_inu_143.jpg,shiba_inu
catsdogs/train/shiba_inu/shiba_inu_183.jpg,train,shiba_inu_183.jpg,shiba_inu
catsdogs/train/shiba_inu/shiba_inu_185.jpg,train,shiba_inu_185.jpg,shiba_inu
catsdogs/train/shiba_inu/shiba_inu_181.jpg,train,shiba_inu_181.jpg,shiba_inu
catsdogs/train/shiba_inu/shiba_inu_115.jpg,train,shiba_inu_115.jpg,shiba_inu
catsdogs/train/shiba_inu/shiba_inu_165.jpg,train,shiba_inu_165.jpg,shiba_inu
catsdogs/train/shiba_inu/shiba_inu_173.jpg,train,shiba_inu_173.jpg,shiba_inu
catsdogs/train/newfoundland/newfoundland_104.jpg,train,newfoundland_104.jpg,newfoundland
catsdogs/train/newfoundland/newfoundland_190.jpg,train,newfoundland_190.jpg,newfoundland
catsdogs/train/newfoundland/newfoundland_177.jpg,train,newfoundland_177.jpg,newfoundland
catsdogs/train/newfoundland/newfoundland_188.jpg,train,newfoundland_188.jpg,newfoundland
catsdogs/train/newfoundland/newfoundland_138.jpg,train,newfoundland_138.jpg,newfoundland
catsdogs/train/newfoundland/newfoundland_118.jpg,train,newfoundland_118.jpg,newfoundland
catsdogs/train/newfoundland/newfoundland_109.jpg,train,newfoundland_109.jpg,newfoundland
catsdogs/train/newfoundland/newfoundland_129.jpg,train,newfoundland_129.jpg,newfoundland
catsdogs/train/newfoundland/newfoundland_158.jpg,train,newfoundland_158.jpg,newfoundland
catsdogs/train/newfoundland/newfoundland_131.jpg,train,newfoundland_131.jpg,newfoundland
catsdogs/train/english_cocker_spaniel/english_cocker_spaniel_116.jpg,train,english_cocker_spaniel_116.jpg,english_cocker_spaniel
catsdogs/train/english_cocker_spaniel/english_cocker_spaniel_18.jpg,train,english_cocker_spaniel_18.jpg,english_cocker_spaniel
catsdogs/train/english_cocker_spaniel/english_cocker_spaniel_182.jpg,train,english_cocker_spaniel_182.jpg,english_cocker_spaniel
catsdogs/train/english_cocker_spaniel/english_cocker_spaniel_153.jpg,train,english_cocker_spaniel_153.jpg,english_cocker_spaniel
catsdogs/train/english_cocker_spaniel/english_cocker_spaniel_173.jpg,train,english_cocker_spaniel_173.jpg,english_cocker_spaniel
catsdogs/train/english_cocker_spaniel/english_cocker_spaniel_129.jpg,train,english_cocker_spaniel_129.jpg,english_cocker_spaniel
catsdogs/train/english_cocker_spaniel/english_cocker_spaniel_130.jpg,train,english_cocker_spaniel_130.jpg,english_cocker_spaniel
catsdogs/train/english_cocker_spaniel/english_cocker_spaniel_147.jpg,train,english_cocker_spaniel_147.jpg,english_cocker_spaniel
catsdogs/train/english_cocker_spaniel/english_cocker_spaniel_121.jpg,train,english_cocker_spaniel_121.jpg,english_cocker_spaniel
catsdogs/train/english_cocker_spaniel/english_cocker_spaniel_108.jpg,train,english_cocker_spaniel_108.jpg,english_cocker_spaniel
catsdogs/train/leonberger/leonberger_148.jpg,train,leonberger_148.jpg,leonberger
catsdogs/train/leonberger/leonberger_110.jpg,train,leonberger_110.jpg,leonberger
catsdogs/train/leonberger/leonberger_102.jpg,train,leonberger_102.jpg,leonberger
catsdogs/train/leonberger/leonberger_133.jpg,train,leonberger_133.jpg,leonberger
catsdogs/train/leonberger/leonberger_157.jpg,train,leonberger_157.jpg,leonberger
catsdogs/train/leonberger/leonberger_171.jpg,train,leonberger_171.jpg,leonberger
catsdogs/train/leonberger/leonberger_105.jpg,train,leonberger_105.jpg,leonberger
catsdogs/train/leonberger/leonberger_18.jpg,train,leonberger_18.jpg,leonberger
catsdogs/train/leonberger/leonberger_188.jpg,train,leonberger_188.jpg,leonberger
catsdogs/train/leonberger/leonberger_177.jpg,train,leonberger_177.jpg,leonberger
catsdogs/train/Russian_Blue/Russian_Blue_197.jpg,train,Russian_Blue_197.jpg,Russian_Blue
catsdogs/train/Russian_Blue/Russian_Blue_200.jpg,train,Russian_Blue_200.jpg,Russian_Blue
catsdogs/train/Russian_Blue/Russian_Blue_185.jpg,train,Russian_Blue_185.jpg,Russian_Blue
catsdogs/train/Russian_Blue/Russian_Blue_109.jpg,train,Russian_Blue_109.jpg,Russian_Blue
catsdogs/train/Russian_Blue/Russian_Blue_150.jpg,train,Russian_Blue_150.jpg,Russian_Blue
catsdogs/train/Russian_Blue/Russian_Blue_120.jpg,train,Russian_Blue_120.jpg,Russian_Blue
catsdogs/train/Russian_Blue/Russian_Blue_116.jpg,train,Russian_Blue_116.jpg,Russian_Blue
catsdogs/train/Russian_Blue/Russian_Blue_106.jpg,train,Russian_Blue_106.jpg,Russian_Blue
catsdogs/train/Russian_Blue/Russian_Blue_157.jpg,train,Russian_Blue_157.jpg,Russian_Blue
catsdogs/train/Russian_Blue/Russian_Blue_186.jpg,train,Russian_Blue_186.jpg,Russian_Blue
catsdogs/train/american_pit_bull_terrier/american_pit_bull_terrier_180.jpg,train,american_pit_bull_terrier_180.jpg,american_pit_bull_terrier
catsdogs/train/american_pit_bull_terrier/american_pit_bull_terrier_18.jpg,train,american_pit_bull_terrier_18.jpg,american_pit_bull_terrier
catsdogs/train/american_pit_bull_terrier/american_pit_bull_terrier_104.jpg,train,american_pit_bull_terrier_104.jpg,american_pit_bull_terrier
catsdogs/train/american_pit_bull_terrier/american_pit_bull_terrier_140.jpg,train,american_pit_bull_terrier_140.jpg,american_pit_bull_terrier
catsdogs/train/american_pit_bull_terrier/american_pit_bull_terrier_100.jpg,train,american_pit_bull_terrier_100.jpg,american_pit_bull_terrier
catsdogs/train/american_pit_bull_terrier/american_pit_bull_terrier_150.jpg,train,american_pit_bull_terrier_150.jpg,american_pit_bull_terrier
catsdogs/train/american_pit_bull_terrier/american_pit_bull_terrier_124.jpg,train,american_pit_bull_terrier_124.jpg,american_pit_bull_terrier
catsdogs/train/american_pit_bull_terrier/american_pit_bull_terrier_108.jpg,train,american_pit_bull_terrier_108.jpg,american_pit_bull_terrier
catsdogs/train/american_pit_bull_terrier/american_pit_bull_terrier_111.jpg,train,american_pit_bull_terrier_111.jpg,american_pit_bull_terrier
catsdogs/train/american_pit_bull_terrier/american_pit_bull_terrier_15.jpg,train,american_pit_bull_terrier_15.jpg,american_pit_bull_terrier
catsdogs/train/japanese_chin/japanese_chin_176.jpg,train,japanese_chin_176.jpg,japanese_chin
catsdogs/train/japanese_chin/japanese_chin_168.jpg,train,japanese_chin_168.jpg,japanese_chin
catsdogs/train/japanese_chin/japanese_chin_132.jpg,train,japanese_chin_132.jpg,japanese_chin
catsdogs/train/japanese_chin/japanese_chin_154.jpg,train,japanese_chin_154.jpg,japanese_chin
catsdogs/train/japanese_chin/japanese_chin_185.jpg,train,japanese_chin_185.jpg,japanese_chin
catsdogs/train/japanese_chin/japanese_chin_150.jpg,train,japanese_chin_150.jpg,japanese_chin
catsdogs/train/japanese_chin/japanese_chin_10.jpg,train,japanese_chin_10.jpg,japanese_chin
catsdogs/train/japanese_chin/japanese_chin_136.jpg,train,japanese_chin_136.jpg,japanese_chin
catsdogs/train/japanese_chin/japanese_chin_159.jpg,train,japanese_chin_159.jpg,japanese_chin
catsdogs/train/japanese_chin/japanese_chin_134.jpg,train,japanese_chin_134.jpg,japanese_chin
catsdogs/train/basset_hound/basset_hound_124.jpg,train,basset_hound_124.jpg,basset_hound
catsdogs/train/basset_hound/basset_hound_159.jpg,train,basset_hound_159.jpg,basset_hound
catsdogs/train/basset_hound/basset_hound_157.jpg,train,basset_hound_157.jpg,basset_hound
catsdogs/train/basset_hound/basset_hound_106.jpg,train,basset_hound_106.jpg,basset_hound
catsdogs/train/basset_hound/basset_hound_188.jpg,train,basset_hound_188.jpg,basset_hound
catsdogs/train/basset_hound/basset_hound_104.jpg,train,basset_hound_104.jpg,basset_hound
catsdogs/train/basset_hound/basset_hound_187.jpg,train,basset_hound_187.jpg,basset_hound
catsdogs/train/basset_hound/basset_hound_142.jpg,train,basset_hound_142.jpg,basset_hound
catsdogs/train/basset_hound/basset_hound_134.jpg,train,basset_hound_134.jpg,basset_hound
catsdogs/train/basset_hound/basset_hound_173.jpg,train,basset_hound_173.jpg,basset_hound
catsdogs/train/yorkshire_terrier/yorkshire_terrier_166.jpg,train,yorkshire_terrier_166.jpg,yorkshire_terrier
catsdogs/train/yorkshire_terrier/yorkshire_terrier_127.jpg,train,yorkshire_terrier_127.jpg,yorkshire_terrier
catsdogs/train/yorkshire_terrier/yorkshire_terrier_109.jpg,train,yorkshire_terrier_109.jpg,yorkshire_terrier
catsdogs/train/yorkshire_terrier/yorkshire_terrier_11.jpg,train,yorkshire_terrier_11.jpg,yorkshire_terrier
catsdogs/train/yorkshire_terrier/yorkshire_terrier_118.jpg,train,yorkshire_terrier_118.jpg,yorkshire_terrier
catsdogs/train/yorkshire_terrier/yorkshire_terrier_102.jpg,train,yorkshire_terrier_102.jpg,yorkshire_terrier
catsdogs/train/yorkshire_terrier/yorkshire_terrier_104.jpg,train,yorkshire_terrier_104.jpg,yorkshire_terrier
catsdogs/train/yorkshire_terrier/yorkshire_terrier_146.jpg,train,yorkshire_terrier_146.jpg,yorkshire_terrier
catsdogs/train/yorkshire_terrier/yorkshire_terrier_112.jpg,train,yorkshire_terrier_112.jpg,yorkshire_terrier
catsdogs/train/yorkshire_terrier/yorkshire_terrier_108.jpg,train,yorkshire_terrier_108.jpg,yorkshire_terrier
catsdogs/train/miniature_pinscher/miniature_pinscher_164.jpg,train,miniature_pinscher_164.jpg,miniature_pinscher
catsdogs/train/miniature_pinscher/miniature_pinscher_187.jpg,train,miniature_pinscher_187.jpg,miniature_pinscher
catsdogs/train/miniature_pinscher/miniature_pinscher_119.jpg,train,miniature_pinscher_119.jpg,miniature_pinscher
catsdogs/train/miniature_pinscher/miniature_pinscher_161.jpg,train,miniature_pinscher_161.jpg,miniature_pinscher
catsdogs/train/miniature_pinscher/miniature_pinscher_153.jpg,train,miniature_pinscher_153.jpg,miniature_pinscher
catsdogs/train/miniature_pinscher/miniature_pinscher_162.jpg,train,miniature_pinscher_162.jpg,miniature_pinscher
catsdogs/train/miniature_pinscher/miniature_pinscher_125.jpg,train,miniature_pinscher_125.jpg,miniature_pinscher
catsdogs/train/miniature_pinscher/miniature_pinscher_111.jpg,train,miniature_pinscher_111.jpg,miniature_pinscher
catsdogs/train/miniature_pinscher/miniature_pinscher_166.jpg,train,miniature_pinscher_166.jpg,miniature_pinscher
catsdogs/train/miniature_pinscher/miniature_pinscher_16.jpg,train,miniature_pinscher_16.jpg,miniature_pinscher
catsdogs/train/wheaten_terrier/wheaten_terrier_106.jpg,train,wheaten_terrier_106.jpg,wheaten_terrier
catsdogs/train/wheaten_terrier/wheaten_terrier_138.jpg,train,wheaten_terrier_138.jpg,wheaten_terrier
catsdogs/train/wheaten_terrier/wheaten_terrier_124.jpg,train,wheaten_terrier_124.jpg,wheaten_terrier
catsdogs/train/wheaten_terrier/wheaten_terrier_128.jpg,train,wheaten_terrier_128.jpg,wheaten_terrier
catsdogs/train/wheaten_terrier/wheaten_terrier_129.jpg,train,wheaten_terrier_129.jpg,wheaten_terrier
catsdogs/train/wheaten_terrier/wheaten_terrier_171.jpg,train,wheaten_terrier_171.jpg,wheaten_terrier
catsdogs/train/wheaten_terrier/wheaten_terrier_139.jpg,train,wheaten_terrier_139.jpg,wheaten_terrier
catsdogs/train/wheaten_terrier/wheaten_terrier_184.jpg,train,wheaten_terrier_184.jpg,wheaten_terrier
catsdogs/train/wheaten_terrier/wheaten_terrier_142.jpg,train,wheaten_terrier_142.jpg,wheaten_terrier
catsdogs/train/wheaten_terrier/wheaten_terrier_159.jpg,train,wheaten_terrier_159.jpg,wheaten_terrier
catsdogs/train/beagle/beagle_10.jpg,train,beagle_10.jpg,beagle
catsdogs/train/beagle/beagle_139.jpg,train,beagle_139.jpg,beagle
catsdogs/train/beagle/beagle_185.jpg,train,beagle_185.jpg,beagle
catsdogs/train/beagle/beagle_102.jpg,train,beagle_102.jpg,beagle
catsdogs/train/beagle/beagle_182.jpg,train,beagle_182.jpg,beagle
catsdogs/train/beagle/beagle_143.jpg,train,beagle_143.jpg,beagle
catsdogs/train/beagle/beagle_183.jpg,train,beagle_183.jpg,beagle
catsdogs/train/beagle/beagle_186.jpg,train,beagle_186.jpg,beagle
catsdogs/train/beagle/beagle_172.jpg,train,beagle_172.jpg,beagle
catsdogs/train/beagle/beagle_135.jpg,train,beagle_135.jpg,beagle
catsdogs/train/saint_bernard/saint_bernard_116.jpg,train,saint_bernard_116.jpg,saint_bernard
catsdogs/train/saint_bernard/saint_bernard_144.jpg,train,saint_bernard_144.jpg,saint_bernard
catsdogs/train/saint_bernard/saint_bernard_152.jpg,train,saint_bernard_152.jpg,saint_bernard
catsdogs/train/saint_bernard/saint_bernard_103.jpg,train,saint_bernard_103.jpg,saint_bernard
catsdogs/train/saint_bernard/saint_bernard_154.jpg,train,saint_bernard_154.jpg,saint_bernard
catsdogs/train/saint_bernard/saint_bernard_179.jpg,train,saint_bernard_179.jpg,saint_bernard
catsdogs/train/saint_bernard/saint_bernard_146.jpg,train,saint_bernard_146.jpg,saint_bernard
catsdogs/train/saint_bernard/saint_bernard_101.jpg,train,saint_bernard_101.jpg,saint_bernard
catsdogs/train/saint_bernard/saint_bernard_183.jpg,train,saint_bernard_183.jpg,saint_bernard
catsdogs/train/saint_bernard/saint_bernard_168.jpg,train,saint_bernard_168.jpg,saint_bernard
catsdogs/train/Siamese/Siamese_173.jpg,train,Siamese_173.jpg,Siamese
catsdogs/train/Siamese/Siamese_144.jpg,train,Siamese_144.jpg,Siamese
catsdogs/train/Siamese/Siamese_162.jpg,train,Siamese_162.jpg,Siamese
catsdogs/train/Siamese/Siamese_133.jpg,train,Siamese_133.jpg,Siamese
catsdogs/train/Siamese/Siamese_172.jpg,train,Siamese_172.jpg,Siamese
catsdogs/train/Siamese/Siamese_145.jpg,train,Siamese_145.jpg,Siamese
catsdogs/train/Siamese/Siamese_195.jpg,train,Siamese_195.jpg,Siamese
catsdogs/train/Siamese/Siamese_14.jpg,train,Siamese_14.jpg,Siamese
catsdogs/train/Siamese/Siamese_138.jpg,train,Siamese_138.jpg,Siamese
catsdogs/train/Siamese/Siamese_202.jpg,train,Siamese_202.jpg,Siamese
catsdogs/train/keeshond/keeshond_128.jpg,train,keeshond_128.jpg,keeshond
catsdogs/train/keeshond/keeshond_160.jpg,train,keeshond_160.jpg,keeshond
catsdogs/train/keeshond/keeshond_186.jpg,train,keeshond_186.jpg,keeshond
catsdogs/train/keeshond/keeshond_129.jpg,train,keeshond_129.jpg,keeshond
catsdogs/train/keeshond/keeshond_106.jpg,train,keeshond_106.jpg,keeshond
catsdogs/train/keeshond/keeshond_153.jpg,train,keeshond_153.jpg,keeshond
catsdogs/train/keeshond/keeshond_112.jpg,train,keeshond_112.jpg,keeshond
catsdogs/train/keeshond/keeshond_132.jpg,train,keeshond_132.jpg,keeshond
catsdogs/train/keeshond/keeshond_146.jpg,train,keeshond_146.jpg,keeshond
catsdogs/train/keeshond/keeshond_187.jpg,train,keeshond_187.jpg,keeshond
catsdogs/train/pug/pug_127.jpg,train,pug_127.jpg,pug
catsdogs/train/pug/pug_14.jpg,train,pug_14.jpg,pug
catsdogs/train/pug/pug_16.jpg,train,pug_16.jpg,pug
catsdogs/train/pug/pug_105.jpg,train,pug_105.jpg,pug
catsdogs/train/pug/pug_18.jpg,train,pug_18.jpg,pug
catsdogs/train/pug/pug_135.jpg,train,pug_135.jpg,pug
catsdogs/train/pug/pug_164.jpg,train,pug_164.jpg,pug
catsdogs/train/pug/pug_185.jpg,train,pug_185.jpg,pug
catsdogs/train/pug/pug_116.jpg,train,pug_116.jpg,pug
catsdogs/train/pug/pug_188.jpg,train,pug_188.jpg,pug
catsdogs/train/British_Shorthair/British_Shorthair_140.jpg,train,British_Shorthair_140.jpg,British_Shorthair
catsdogs/train/British_Shorthair/British_Shorthair_125.jpg,train,British_Shorthair_125.jpg,British_Shorthair
catsdogs/train/British_Shorthair/British_Shorthair_167.jpg,train,British_Shorthair_167.jpg,British_Shorthair
catsdogs/train/British_Shorthair/British_Shorthair_134.jpg,train,British_Shorthair_134.jpg,British_Shorthair
catsdogs/train/British_Shorthair/British_Shorthair_114.jpg,train,British_Shorthair_114.jpg,British_Shorthair
catsdogs/train/British_Shorthair/British_Shorthair_128.jpg,train,British_Shorthair_128.jpg,British_Shorthair
catsdogs/train/British_Shorthair/British_Shorthair_16.jpg,train,British_Shorthair_16.jpg,British_Shorthair
catsdogs/train/British_Shorthair/British_Shorthair_160.jpg,train,British_Shorthair_160.jpg,British_Shorthair
catsdogs/train/British_Shorthair/British_Shorthair_201.jpg,train,British_Shorthair_201.jpg,British_Shorthair
catsdogs/train/British_Shorthair/British_Shorthair_112.jpg,train,British_Shorthair_112.jpg,British_Shorthair
catsdogs/train/havanese/havanese_151.jpg,train,havanese_151.jpg,havanese
catsdogs/train/havanese/havanese_123.jpg,train,havanese_123.jpg,havanese
catsdogs/train/havanese/havanese_160.jpg,train,havanese_160.jpg,havanese
catsdogs/train/havanese/havanese_181.jpg,train,havanese_181.jpg,havanese
catsdogs/train/havanese/havanese_147.jpg,train,havanese_147.jpg,havanese
catsdogs/train/havanese/havanese_189.jpg,train,havanese_189.jpg,havanese
catsdogs/train/havanese/havanese_15.jpg,train,havanese_15.jpg,havanese
catsdogs/train/havanese/havanese_137.jpg,train,havanese_137.jpg,havanese
catsdogs/train/havanese/havanese_155.jpg,train,havanese_155.jpg,havanese
catsdogs/train/havanese/havanese_178.jpg,train,havanese_178.jpg,havanese
catsdogs/train/Sphynx/Sphynx_167.jpg,train,Sphynx_167.jpg,Sphynx
catsdogs/train/Sphynx/Sphynx_166.jpg,train,Sphynx_166.jpg,Sphynx
catsdogs/train/Sphynx/Sphynx_148.jpg,train,Sphynx_148.jpg,Sphynx
catsdogs/train/Sphynx/Sphynx_190.jpg,train,Sphynx_190.jpg,Sphynx
catsdogs/train/Sphynx/Sphynx_124.jpg,train,Sphynx_124.jpg,Sphynx
catsdogs/train/Sphynx/Sphynx_199.jpg,train,Sphynx_199.jpg,Sphynx
catsdogs/train/Sphynx/Sphynx_12.jpg,train,Sphynx_12.jpg,Sphynx
catsdogs/train/Sphynx/Sphynx_173.jpg,train,Sphynx_173.jpg,Sphynx
catsdogs/train/Sphynx/Sphynx_111.jpg,train,Sphynx_111.jpg,Sphynx
catsdogs/train/Sphynx/Sphynx_188.jpg,train,Sphynx_188.jpg,Sphynx
catsdogs/train/scottish_terrier/scottish_terrier_164.jpg,train,scottish_terrier_164.jpg,scottish_terrier
catsdogs/train/scottish_terrier/scottish_terrier_127.jpg,train,scottish_terrier_127.jpg,scottish_terrier
catsdogs/train/scottish_terrier/scottish_terrier_161.jpg,train,scottish_terrier_161.jpg,scottish_terrier
catsdogs/train/scottish_terrier/scottish_terrier_187.jpg,train,scottish_terrier_187.jpg,scottish_terrier
catsdogs/train/scottish_terrier/scottish_terrier_119.jpg,train,scottish_terrier_119.jpg,scottish_terrier
catsdogs/train/scottish_terrier/scottish_terrier_114.jpg,train,scottish_terrier_114.jpg,scottish_terrier
catsdogs/train/scottish_terrier/scottish_terrier_152.jpg,train,scottish_terrier_152.jpg,scottish_terrier
catsdogs/train/scottish_terrier/scottish_terrier_108.jpg,train,scottish_terrier_108.jpg,scottish_terrier
catsdogs/train/scottish_terrier/scottish_terrier_176.jpg,train,scottish_terrier_176.jpg,scottish_terrier
catsdogs/train/scottish_terrier/scottish_terrier_132.jpg,train,scottish_terrier_132.jpg,scottish_terrier
catsdogs/train/chihuahua/chihuahua_157.jpg,train,chihuahua_157.jpg,chihuahua
catsdogs/train/chihuahua/chihuahua_185.jpg,train,chihuahua_185.jpg,chihuahua
catsdogs/train/chihuahua/chihuahua_151.jpg,train,chihuahua_151.jpg,chihuahua
catsdogs/train/chihuahua/chihuahua_133.jpg,train,chihuahua_133.jpg,chihuahua
catsdogs/train/chihuahua/chihuahua_190.jpg,train,chihuahua_190.jpg,chihuahua
catsdogs/train/chihuahua/chihuahua_150.jpg,train,chihuahua_150.jpg,chihuahua
catsdogs/train/chihuahua/chihuahua_108.jpg,train,chihuahua_108.jpg,chihuahua
catsdogs/train/chihuahua/chihuahua_102.jpg,train,chihuahua_102.jpg,chihuahua
catsdogs/train/chihuahua/chihuahua_186.jpg,train,chihuahua_186.jpg,chihuahua
catsdogs/train/chihuahua/chihuahua_101.jpg,train,chihuahua_101.jpg,chihuahua
catsdogs/train/samoyed/samoyed_12.jpg,train,samoyed_12.jpg,samoyed
catsdogs/train/samoyed/samoyed_13.jpg,train,samoyed_13.jpg,samoyed
catsdogs/train/samoyed/samoyed_182.jpg,train,samoyed_182.jpg,samoyed
catsdogs/train/samoyed/samoyed_128.jpg,train,samoyed_128.jpg,samoyed
catsdogs/train/samoyed/samoyed_131.jpg,train,samoyed_131.jpg,samoyed
catsdogs/train/samoyed/samoyed_189.jpg,train,samoyed_189.jpg,samoyed
catsdogs/train/samoyed/samoyed_125.jpg,train,samoyed_125.jpg,samoyed
catsdogs/train/samoyed/samoyed_174.jpg,train,samoyed_174.jpg,samoyed
catsdogs/train/samoyed/samoyed_105.jpg,train,samoyed_105.jpg,samoyed
catsdogs/train/samoyed/samoyed_185.jpg,train,samoyed_185.jpg,samoyed
catsdogs/train/Persian/Persian_104.jpg,train,Persian_104.jpg,Persian
catsdogs/train/Persian/Persian_139.jpg,train,Persian_139.jpg,Persian
catsdogs/train/Persian/Persian_163.jpg,train,Persian_163.jpg,Persian
catsdogs/train/Persian/Persian_19.jpg,train,Persian_19.jpg,Persian
catsdogs/train/Persian/Persian_168.jpg,train,Persian_168.jpg,Persian
catsdogs/train/Persian/Persian_200.jpg,train,Persian_200.jpg,Persian
catsdogs/train/Persian/Persian_179.jpg,train,Persian_179.jpg,Persian
catsdogs/train/Persian/Persian_169.jpg,train,Persian_169.jpg,Persian
catsdogs/train/Persian/Persian_188.jpg,train,Persian_188.jpg,Persian
catsdogs/train/Persian/Persian_183.jpg,train,Persian_183.jpg,Persian
catsdogs/train/german_shorthaired/german_shorthaired_131.jpg,train,german_shorthaired_131.jpg,german_shorthaired
catsdogs/train/german_shorthaired/german_shorthaired_137.jpg,train,german_shorthaired_137.jpg,german_shorthaired
catsdogs/train/german_shorthaired/german_shorthaired_134.jpg,train,german_shorthaired_134.jpg,german_shorthaired
catsdogs/train/german_shorthaired/german_shorthaired_104.jpg,train,german_shorthaired_104.jpg,german_shorthaired
catsdogs/train/german_shorthaired/german_shorthaired_147.jpg,train,german_shorthaired_147.jpg,german_shorthaired
catsdogs/train/german_shorthaired/german_shorthaired_118.jpg,train,german_shorthaired_118.jpg,german_shorthaired
catsdogs/train/german_shorthaired/german_shorthaired_115.jpg,train,german_shorthaired_115.jpg,german_shorthaired
catsdogs/train/german_shorthaired/german_shorthaired_120.jpg,train,german_shorthaired_120.jpg,german_shorthaired
catsdogs/train/german_shorthaired/german_shorthaired_182.jpg,train,german_shorthaired_182.jpg,german_shorthaired
catsdogs/train/german_shorthaired/german_shorthaired_117.jpg,train,german_shorthaired_117.jpg,german_shorthaired
catsdogs/train/Maine_Coon/Maine_Coon_169.jpg,train,Maine_Coon_169.jpg,Maine_Coon
catsdogs/train/Maine_Coon/Maine_Coon_168.jpg,train,Maine_Coon_168.jpg,Maine_Coon
catsdogs/train/Maine_Coon/Maine_Coon_167.jpg,train,Maine_Coon_167.jpg,Maine_Coon
catsdogs/train/Maine_Coon/Maine_Coon_204.jpg,train,Maine_Coon_204.jpg,Maine_Coon
catsdogs/train/Maine_Coon/Maine_Coon_160.jpg,train,Maine_Coon_160.jpg,Maine_Coon
catsdogs/train/Maine_Coon/Maine_Coon_208.jpg,train,Maine_Coon_208.jpg,Maine_Coon
catsdogs/train/Maine_Coon/Maine_Coon_147.jpg,train,Maine_Coon_147.jpg,Maine_Coon
catsdogs/train/Maine_Coon/Maine_Coon_163.jpg,train,Maine_Coon_163.jpg,Maine_Coon
catsdogs/train/Maine_Coon/Maine_Coon_136.jpg,train,Maine_Coon_136.jpg,Maine_Coon
catsdogs/train/Maine_Coon/Maine_Coon_145.jpg,train,Maine_Coon_145.jpg,Maine_Coon
catsdogs/train/american_bulldog/american_bulldog_12.jpg,train,american_bulldog_12.jpg,american_bulldog
catsdogs/train/american_bulldog/american_bulldog_13.jpg,train,american_bulldog_13.jpg,american_bulldog
catsdogs/train/american_bulldog/american_bulldog_201.jpg,train,american_bulldog_201.jpg,american_bulldog
catsdogs/train/american_bulldog/american_bulldog_142.jpg,train,american_bulldog_142.jpg,american_bulldog
catsdogs/train/american_bulldog/american_bulldog_198.jpg,train,american_bulldog_198.jpg,american_bulldog
catsdogs/train/american_bulldog/american_bulldog_192.jpg,train,american_bulldog_192.jpg,american_bulldog
catsdogs/train/american_bulldog/american_bulldog_140.jpg,train,american_bulldog_140.jpg,american_bulldog
catsdogs/train/american_bulldog/american_bulldog_169.jpg,train,american_bulldog_169.jpg,american_bulldog
catsdogs/train/american_bulldog/american_bulldog_147.jpg,train,american_bulldog_147.jpg,american_bulldog
catsdogs/train/american_bulldog/american_bulldog_131.jpg,train,american_bulldog_131.jpg,american_bulldog
catsdogs/train/english_setter/english_setter_154.jpg,train,english_setter_154.jpg,english_setter
catsdogs/train/english_setter/english_setter_160.jpg,train,english_setter_160.jpg,english_setter
catsdogs/train/english_setter/english_setter_130.jpg,train,english_setter_130.jpg,english_setter
catsdogs/train/english_setter/english_setter_104.jpg,train,english_setter_104.jpg,english_setter
catsdogs/train/english_setter/english_setter_13.jpg,train,english_setter_13.jpg,english_setter
catsdogs/train/english_setter/english_setter_119.jpg,train,english_setter_119.jpg,english_setter
catsdogs/train/english_setter/english_setter_122.jpg,train,english_setter_122.jpg,english_setter
catsdogs/train/english_setter/english_setter_117.jpg,train,english_setter_117.jpg,english_setter
catsdogs/train/english_setter/english_setter_123.jpg,train,english_setter_123.jpg,english_setter
catsdogs/train/english_setter/english_setter_173.jpg,train,english_setter_173.jpg,english_setter
